--------------------------------------------------------
-- Archivo creado  - lunes-septiembre-07-2020   
--------------------------------------------------------
--------------------------------------------------------
--  DDL for Sequence SEQ_ARQ_AUD
--------------------------------------------------------

   CREATE SEQUENCE  "VALID"."SEQ_ARQ_AUD"  MINVALUE 1 MAXVALUE 9999999999999999999999999999 INCREMENT BY 1 START WITH 3 CACHE 20 ORDER  CYCLE ;
--------------------------------------------------------
--  DDL for Sequence SEQ_ARQ_CNF
--------------------------------------------------------

   CREATE SEQUENCE  "VALID"."SEQ_ARQ_CNF"  MINVALUE 1 MAXVALUE 9999999999999999999999999999 INCREMENT BY 1 START WITH 1 CACHE 20 ORDER  CYCLE ;
--------------------------------------------------------
--  DDL for Sequence SEQ_ARQ_ROL
--------------------------------------------------------

   CREATE SEQUENCE  "VALID"."SEQ_ARQ_ROL"  MINVALUE 1 MAXVALUE 9999999999999999999999999999 INCREMENT BY 1 START WITH 21 CACHE 20 ORDER  CYCLE ;
--------------------------------------------------------
--  DDL for Sequence SEQ_ARQ_ROL_ACC
--------------------------------------------------------

   CREATE SEQUENCE  "VALID"."SEQ_ARQ_ROL_ACC"  MINVALUE 1 MAXVALUE 9999999999999999999999999999 INCREMENT BY 1 START WITH 71 CACHE 20 ORDER  CYCLE ;
--------------------------------------------------------
--  DDL for Sequence SEQ_ARQ_SES
--------------------------------------------------------

   CREATE SEQUENCE  "VALID"."SEQ_ARQ_SES"  MINVALUE 1 MAXVALUE 9999999999999999999999999999 INCREMENT BY 1 START WITH 263 CACHE 20 ORDER  CYCLE ;
--------------------------------------------------------
--  DDL for Sequence SEQ_ARQ_USR
--------------------------------------------------------

   CREATE SEQUENCE  "VALID"."SEQ_ARQ_USR"  MINVALUE 1 MAXVALUE 9999999999999999999999999999 INCREMENT BY 1 START WITH 24 CACHE 20 ORDER  CYCLE ;
--------------------------------------------------------
--  DDL for Sequence SEQ_ARQ_USR_ROL
--------------------------------------------------------

   CREATE SEQUENCE  "VALID"."SEQ_ARQ_USR_ROL"  MINVALUE 1 MAXVALUE 9999999999999999999999999999 INCREMENT BY 1 START WITH 64 CACHE 20 ORDER  CYCLE ;
--------------------------------------------------------
--  DDL for Sequence SEQ_REG
--------------------------------------------------------

   CREATE SEQUENCE  "VALID"."SEQ_REG"  MINVALUE 1 MAXVALUE 9999999999999999999999999999 INCREMENT BY 1 START WITH 1 CACHE 20 ORDER  CYCLE ;
--------------------------------------------------------
--  DDL for Table ARQ_ACCION
--------------------------------------------------------

  CREATE TABLE "VALID"."ARQ_ACCION" 
   (	"ARQ_ACC_ID" NUMBER, 
	"ARQ_ACC_ARQ_MOD_ID" NUMBER, 
	"ARQ_ACC_NOMBRE" VARCHAR2(100 BYTE), 
	"ARQ_ACC_DESCRIPCION" VARCHAR2(2000 BYTE), 
	"ARQ_ACC_ACCION" VARCHAR2(100 BYTE), 
	"ARQ_ACC_ESTADO" VARCHAR2(1 BYTE), 
	"ARQ_ACC_FECHA_CR" DATE, 
	"ARQ_ACC_USR_ID_CR" NUMBER, 
	"ARQ_ACC_FECHA_MD" DATE, 
	"ARQ_ACC_USR_ID_MD" NUMBER
   ) SEGMENT CREATION IMMEDIATE 
  PCTFREE 10 PCTUSED 40 INITRANS 1 MAXTRANS 255 NOCOMPRESS LOGGING
  STORAGE(INITIAL 65536 NEXT 1048576 MINEXTENTS 1 MAXEXTENTS 2147483645
  PCTINCREASE 0 FREELISTS 1 FREELIST GROUPS 1 BUFFER_POOL DEFAULT FLASH_CACHE DEFAULT CELL_FLASH_CACHE DEFAULT)
  TABLESPACE "USERS" ;
--------------------------------------------------------
--  DDL for Table ARQ_AUDITORIA
--------------------------------------------------------

  CREATE TABLE "VALID"."ARQ_AUDITORIA" 
   (	"ARQ_AUD_ID" NUMBER, 
	"ARQ_AUD_TABLA" VARCHAR2(50 BYTE), 
	"ARQ_AUD_ID_TABLA" NUMBER, 
	"ARQ_AUD_VALOR_ANTERIOR" VARCHAR2(2000 BYTE), 
	"ARQ_AUD_VALOR_NUEVO" VARCHAR2(2000 BYTE), 
	"ARQ_AUD_OBSERVACION" VARCHAR2(2000 BYTE), 
	"ARQ_AUD_USR_ID" NUMBER, 
	"ARQ_AUD_FECHA" DATE
   ) SEGMENT CREATION IMMEDIATE 
  PCTFREE 10 PCTUSED 40 INITRANS 1 MAXTRANS 255 NOCOMPRESS LOGGING
  STORAGE(INITIAL 65536 NEXT 1048576 MINEXTENTS 1 MAXEXTENTS 2147483645
  PCTINCREASE 0 FREELISTS 1 FREELIST GROUPS 1 BUFFER_POOL DEFAULT FLASH_CACHE DEFAULT CELL_FLASH_CACHE DEFAULT)
  TABLESPACE "USERS" ;
--------------------------------------------------------
--  DDL for Table ARQ_CONFIGURACION
--------------------------------------------------------

  CREATE TABLE "VALID"."ARQ_CONFIGURACION" 
   (	"ARQ_CNF_ID" NUMBER(38,0), 
	"ARQ_CNF_NOMBRE" VARCHAR2(150 BYTE), 
	"ARQ_CNF_VALOR" VARCHAR2(150 BYTE), 
	"ARQ_CNF_DESCRIPCION" VARCHAR2(2000 BYTE), 
	"ARQ_CNF_TIPO" NUMBER(1,0), 
	"ARQ_CNF_ESTADO" VARCHAR2(1 BYTE), 
	"ARQ_CNF_FECHA_CR" DATE, 
	"ARQ_CNF_USR_ID_CR" NUMBER(38,0), 
	"ARQ_CNF_FECHA_MD" DATE, 
	"ARQ_CNF_USR_ID_MD" NUMBER
   ) SEGMENT CREATION IMMEDIATE 
  PCTFREE 10 PCTUSED 40 INITRANS 1 MAXTRANS 255 NOCOMPRESS LOGGING
  STORAGE(INITIAL 65536 NEXT 1048576 MINEXTENTS 1 MAXEXTENTS 2147483645
  PCTINCREASE 0 FREELISTS 1 FREELIST GROUPS 1 BUFFER_POOL DEFAULT FLASH_CACHE DEFAULT CELL_FLASH_CACHE DEFAULT)
  TABLESPACE "USERS" ;

   COMMENT ON COLUMN "VALID"."ARQ_CONFIGURACION"."ARQ_CNF_TIPO" IS ' 1: TEXTO; 2:NUMERO; 3: BOOLEAN; 4 FECHA 

';
--------------------------------------------------------
--  DDL for Table ARQ_MODULO
--------------------------------------------------------

  CREATE TABLE "VALID"."ARQ_MODULO" 
   (	"ARQ_MOD_ID" NUMBER, 
	"ARQ_MOD_NOMBRE" VARCHAR2(100 BYTE), 
	"ARQ_MOD_DESCRIPCION" VARCHAR2(2000 BYTE), 
	"ARQ_MOD_ESTADO" VARCHAR2(1 BYTE), 
	"ARQ_MOD_FECHA_CR" DATE, 
	"ARQ_MOD_USR_ID_CR" NUMBER, 
	"ARQ_MOD_FECHA_MD" DATE, 
	"ARQ_MOD_USR_ID_MD" NUMBER
   ) SEGMENT CREATION IMMEDIATE 
  PCTFREE 10 PCTUSED 40 INITRANS 1 MAXTRANS 255 NOCOMPRESS LOGGING
  STORAGE(INITIAL 65536 NEXT 1048576 MINEXTENTS 1 MAXEXTENTS 2147483645
  PCTINCREASE 0 FREELISTS 1 FREELIST GROUPS 1 BUFFER_POOL DEFAULT FLASH_CACHE DEFAULT CELL_FLASH_CACHE DEFAULT)
  TABLESPACE "USERS" ;
--------------------------------------------------------
--  DDL for Table ARQ_ROL
--------------------------------------------------------

  CREATE TABLE "VALID"."ARQ_ROL" 
   (	"ARQ_ROL_ID" NUMBER, 
	"ARQ_ROL_NOMBRE" VARCHAR2(100 BYTE), 
	"ARQ_ROL_DESCRIPCION" VARCHAR2(2000 BYTE), 
	"ARQ_ROL_ESTADO" VARCHAR2(1 BYTE), 
	"ARQ_ROL_FECHA_CR" DATE, 
	"ARQ_ROL_USR_ID_CR" NUMBER, 
	"ARQ_ROL_FECHA_MD" DATE, 
	"ARQ_ROL_USR_ID_MD" NUMBER
   ) SEGMENT CREATION IMMEDIATE 
  PCTFREE 10 PCTUSED 40 INITRANS 1 MAXTRANS 255 NOCOMPRESS LOGGING
  STORAGE(INITIAL 65536 NEXT 1048576 MINEXTENTS 1 MAXEXTENTS 2147483645
  PCTINCREASE 0 FREELISTS 1 FREELIST GROUPS 1 BUFFER_POOL DEFAULT FLASH_CACHE DEFAULT CELL_FLASH_CACHE DEFAULT)
  TABLESPACE "USERS" ;
--------------------------------------------------------
--  DDL for Table ARQ_ROL_ACCION
--------------------------------------------------------

  CREATE TABLE "VALID"."ARQ_ROL_ACCION" 
   (	"ARQ_ROL_ACC_ID" NUMBER, 
	"ARQ_ROL_ACC_ARQ_ROL_ID" NUMBER, 
	"ARQ_ROL_ACC_ARQ_ACC_ID" NUMBER, 
	"ARQ_ROL_ACC_ESTADO" VARCHAR2(1 BYTE), 
	"ARQ_ROL_ACC_FECHA_CR" DATE, 
	"ARQ_ROL_ACC_USR_ID_CR" NUMBER, 
	"ARQ_ROL_ACC_FECHA_MD" DATE, 
	"ARQ_ROL_ACC_USR_ID_MD" NUMBER
   ) SEGMENT CREATION IMMEDIATE 
  PCTFREE 10 PCTUSED 40 INITRANS 1 MAXTRANS 255 NOCOMPRESS LOGGING
  STORAGE(INITIAL 65536 NEXT 1048576 MINEXTENTS 1 MAXEXTENTS 2147483645
  PCTINCREASE 0 FREELISTS 1 FREELIST GROUPS 1 BUFFER_POOL DEFAULT FLASH_CACHE DEFAULT CELL_FLASH_CACHE DEFAULT)
  TABLESPACE "USERS" ;
--------------------------------------------------------
--  DDL for Table ARQ_SESION
--------------------------------------------------------

  CREATE TABLE "VALID"."ARQ_SESION" 
   (	"ARQ_SES_ID" NUMBER, 
	"ARQ_SES_ARQ_USR_ID" NUMBER, 
	"ARQ_SES_TIPO_ACCESO" VARCHAR2(15 BYTE), 
	"ARQ_SES_IP" VARCHAR2(20 BYTE), 
	"ARQ_SES_MAC" VARCHAR2(30 BYTE), 
	"ARQ_SES_FECHA_ACCESO" DATE, 
	"ARQ_SES_FECHA_CIERRE" DATE, 
	"ARQ_SES_OBSERVACION" VARCHAR2(2000 BYTE), 
	"ARQ_SES_ESTADO" VARCHAR2(1 BYTE), 
	"ARQ_SES_FECHA_CR" DATE, 
	"ARQ_SES_USR_ID_CR" NUMBER, 
	"ARQ_SES_FECHA_MD" DATE, 
	"ARQ_SES_USR_ID_MD" NUMBER
   ) SEGMENT CREATION IMMEDIATE 
  PCTFREE 10 PCTUSED 40 INITRANS 1 MAXTRANS 255 NOCOMPRESS LOGGING
  STORAGE(INITIAL 65536 NEXT 1048576 MINEXTENTS 1 MAXEXTENTS 2147483645
  PCTINCREASE 0 FREELISTS 1 FREELIST GROUPS 1 BUFFER_POOL DEFAULT FLASH_CACHE DEFAULT CELL_FLASH_CACHE DEFAULT)
  TABLESPACE "USERS" ;
--------------------------------------------------------
--  DDL for Table ARQ_USUARIO
--------------------------------------------------------

  CREATE TABLE "VALID"."ARQ_USUARIO" 
   (	"ARQ_USR_ID" NUMBER, 
	"ARQ_USR_USUARIO" VARCHAR2(150 BYTE), 
	"ARQ_USR_CLAVE" VARCHAR2(50 BYTE), 
	"ARQ_USR_LDAP" NUMBER(1,0) DEFAULT 0, 
	"ARQ_USR_NOMBRE" VARCHAR2(150 BYTE), 
	"ARQ_USR_LOGIN" NUMBER(1,0) DEFAULT 0, 
	"ARQ_USR_ESTADO" VARCHAR2(1 BYTE), 
	"ARQ_USR_FECHA_CR" DATE, 
	"ARQ_USR_USR_ID_CR" NUMBER, 
	"ARQ_USR_FECHA_MD" DATE, 
	"ARQ_USR_USR_ID_MD" NUMBER
   ) SEGMENT CREATION IMMEDIATE 
  PCTFREE 10 PCTUSED 40 INITRANS 1 MAXTRANS 255 NOCOMPRESS LOGGING
  STORAGE(INITIAL 65536 NEXT 1048576 MINEXTENTS 1 MAXEXTENTS 2147483645
  PCTINCREASE 0 FREELISTS 1 FREELIST GROUPS 1 BUFFER_POOL DEFAULT FLASH_CACHE DEFAULT CELL_FLASH_CACHE DEFAULT)
  TABLESPACE "USERS" ;

   COMMENT ON COLUMN "VALID"."ARQ_USUARIO"."ARQ_USR_LDAP" IS '1:SI; 0: NO';
   COMMENT ON COLUMN "VALID"."ARQ_USUARIO"."ARQ_USR_LOGIN" IS '1:SI; 0: NO';
--------------------------------------------------------
--  DDL for Table ARQ_USUARIO_ROL
--------------------------------------------------------

  CREATE TABLE "VALID"."ARQ_USUARIO_ROL" 
   (	"ARQ_USR_ROL_ID" NUMBER, 
	"ARQ_USR_ROL_ARQ_USR_ID" NUMBER, 
	"ARQ_USR_ROL_ARQ_ROL_ID" NUMBER, 
	"ARQ_USR_ROL_ESTADO" VARCHAR2(1 BYTE), 
	"ARQ_USR_ROL_FECHA_CR" DATE, 
	"ARQ_USR_ROL_USR_ID_CR" NUMBER, 
	"ARQ_USR_ROL_FECHA_MD" DATE, 
	"ARQ_USR_ROL_USR_ID_MD" NUMBER
   ) SEGMENT CREATION IMMEDIATE 
  PCTFREE 10 PCTUSED 40 INITRANS 1 MAXTRANS 255 NOCOMPRESS LOGGING
  STORAGE(INITIAL 65536 NEXT 1048576 MINEXTENTS 1 MAXEXTENTS 2147483645
  PCTINCREASE 0 FREELISTS 1 FREELIST GROUPS 1 BUFFER_POOL DEFAULT FLASH_CACHE DEFAULT CELL_FLASH_CACHE DEFAULT)
  TABLESPACE "USERS" ;
--------------------------------------------------------
--  DDL for Table REG_REGISTRO
--------------------------------------------------------

  CREATE TABLE "VALID"."REG_REGISTRO" 
   (	"REG_ID" VARCHAR2(50 BYTE), 
	"REG_NOMBRES" VARCHAR2(300 BYTE), 
	"REG_APELLIDOS" VARCHAR2(500 BYTE), 
	"REG_PROCESADO" VARCHAR2(5 BYTE)
   ) SEGMENT CREATION IMMEDIATE 
  PCTFREE 10 PCTUSED 40 INITRANS 1 MAXTRANS 255 NOCOMPRESS LOGGING
  STORAGE(INITIAL 65536 NEXT 1048576 MINEXTENTS 1 MAXEXTENTS 2147483645
  PCTINCREASE 0 FREELISTS 1 FREELIST GROUPS 1 BUFFER_POOL DEFAULT FLASH_CACHE DEFAULT CELL_FLASH_CACHE DEFAULT)
  TABLESPACE "USERS" ;
REM INSERTING into VALID.ARQ_ACCION
SET DEFINE OFF;
Insert into VALID.ARQ_ACCION (ARQ_ACC_ID,ARQ_ACC_ARQ_MOD_ID,ARQ_ACC_NOMBRE,ARQ_ACC_DESCRIPCION,ARQ_ACC_ACCION,ARQ_ACC_ESTADO,ARQ_ACC_FECHA_CR,ARQ_ACC_USR_ID_CR,ARQ_ACC_FECHA_MD,ARQ_ACC_USR_ID_MD) values ('10501','10300','VER MENU ACTUALIZAR PROCESOS',null,null,'A',to_date('04/09/20','DD/MM/RR'),'1',to_date('04/09/20','DD/MM/RR'),'1');
Insert into VALID.ARQ_ACCION (ARQ_ACC_ID,ARQ_ACC_ARQ_MOD_ID,ARQ_ACC_NOMBRE,ARQ_ACC_DESCRIPCION,ARQ_ACC_ACCION,ARQ_ACC_ESTADO,ARQ_ACC_FECHA_CR,ARQ_ACC_USR_ID_CR,ARQ_ACC_FECHA_MD,ARQ_ACC_USR_ID_MD) values ('10502','10300','ACTUALIZAR REGISTRO',null,null,'A',to_date('04/09/20','DD/MM/RR'),'1',to_date('04/09/20','DD/MM/RR'),'1');
Insert into VALID.ARQ_ACCION (ARQ_ACC_ID,ARQ_ACC_ARQ_MOD_ID,ARQ_ACC_NOMBRE,ARQ_ACC_DESCRIPCION,ARQ_ACC_ACCION,ARQ_ACC_ESTADO,ARQ_ACC_FECHA_CR,ARQ_ACC_USR_ID_CR,ARQ_ACC_FECHA_MD,ARQ_ACC_USR_ID_MD) values ('10401','10200','VER MENU REGISTRO',null,null,'A',to_date('04/09/20','DD/MM/RR'),'1',to_date('04/09/20','DD/MM/RR'),'1');
Insert into VALID.ARQ_ACCION (ARQ_ACC_ID,ARQ_ACC_ARQ_MOD_ID,ARQ_ACC_NOMBRE,ARQ_ACC_DESCRIPCION,ARQ_ACC_ACCION,ARQ_ACC_ESTADO,ARQ_ACC_FECHA_CR,ARQ_ACC_USR_ID_CR,ARQ_ACC_FECHA_MD,ARQ_ACC_USR_ID_MD) values ('10402','10200','CREAR REGISTRO',null,null,'A',to_date('04/09/20','DD/MM/RR'),'1',to_date('04/09/20','DD/MM/RR'),'1');
Insert into VALID.ARQ_ACCION (ARQ_ACC_ID,ARQ_ACC_ARQ_MOD_ID,ARQ_ACC_NOMBRE,ARQ_ACC_DESCRIPCION,ARQ_ACC_ACCION,ARQ_ACC_ESTADO,ARQ_ACC_FECHA_CR,ARQ_ACC_USR_ID_CR,ARQ_ACC_FECHA_MD,ARQ_ACC_USR_ID_MD) values ('10101','10100','LISTAR ROLES',null,null,'A',to_date('04/09/20','DD/MM/RR'),'1',to_date('04/09/20','DD/MM/RR'),'1');
Insert into VALID.ARQ_ACCION (ARQ_ACC_ID,ARQ_ACC_ARQ_MOD_ID,ARQ_ACC_NOMBRE,ARQ_ACC_DESCRIPCION,ARQ_ACC_ACCION,ARQ_ACC_ESTADO,ARQ_ACC_FECHA_CR,ARQ_ACC_USR_ID_CR,ARQ_ACC_FECHA_MD,ARQ_ACC_USR_ID_MD) values ('10102','10100','CREAR ROL',null,null,'A',to_date('04/09/20','DD/MM/RR'),'1',to_date('04/09/20','DD/MM/RR'),'1');
Insert into VALID.ARQ_ACCION (ARQ_ACC_ID,ARQ_ACC_ARQ_MOD_ID,ARQ_ACC_NOMBRE,ARQ_ACC_DESCRIPCION,ARQ_ACC_ACCION,ARQ_ACC_ESTADO,ARQ_ACC_FECHA_CR,ARQ_ACC_USR_ID_CR,ARQ_ACC_FECHA_MD,ARQ_ACC_USR_ID_MD) values ('10103','10100','MODIFICAR ROL',null,null,'A',to_date('04/09/20','DD/MM/RR'),'1',to_date('04/09/20','DD/MM/RR'),'1');
Insert into VALID.ARQ_ACCION (ARQ_ACC_ID,ARQ_ACC_ARQ_MOD_ID,ARQ_ACC_NOMBRE,ARQ_ACC_DESCRIPCION,ARQ_ACC_ACCION,ARQ_ACC_ESTADO,ARQ_ACC_FECHA_CR,ARQ_ACC_USR_ID_CR,ARQ_ACC_FECHA_MD,ARQ_ACC_USR_ID_MD) values ('10104','10100','INACTIVAR ROL',null,null,'A',to_date('04/09/20','DD/MM/RR'),'1',to_date('04/09/20','DD/MM/RR'),'1');
Insert into VALID.ARQ_ACCION (ARQ_ACC_ID,ARQ_ACC_ARQ_MOD_ID,ARQ_ACC_NOMBRE,ARQ_ACC_DESCRIPCION,ARQ_ACC_ACCION,ARQ_ACC_ESTADO,ARQ_ACC_FECHA_CR,ARQ_ACC_USR_ID_CR,ARQ_ACC_FECHA_MD,ARQ_ACC_USR_ID_MD) values ('10105','10100','ACTIVAR ROL',null,null,'A',to_date('04/09/20','DD/MM/RR'),'1',to_date('04/09/20','DD/MM/RR'),'1');
Insert into VALID.ARQ_ACCION (ARQ_ACC_ID,ARQ_ACC_ARQ_MOD_ID,ARQ_ACC_NOMBRE,ARQ_ACC_DESCRIPCION,ARQ_ACC_ACCION,ARQ_ACC_ESTADO,ARQ_ACC_FECHA_CR,ARQ_ACC_USR_ID_CR,ARQ_ACC_FECHA_MD,ARQ_ACC_USR_ID_MD) values ('10201','10100','LISTAR USUARIOS',null,null,'A',to_date('04/09/20','DD/MM/RR'),'1',to_date('04/09/20','DD/MM/RR'),'1');
Insert into VALID.ARQ_ACCION (ARQ_ACC_ID,ARQ_ACC_ARQ_MOD_ID,ARQ_ACC_NOMBRE,ARQ_ACC_DESCRIPCION,ARQ_ACC_ACCION,ARQ_ACC_ESTADO,ARQ_ACC_FECHA_CR,ARQ_ACC_USR_ID_CR,ARQ_ACC_FECHA_MD,ARQ_ACC_USR_ID_MD) values ('10202','10100','CREAR USUARIO',null,null,'A',to_date('04/09/20','DD/MM/RR'),'1',to_date('04/09/20','DD/MM/RR'),'1');
Insert into VALID.ARQ_ACCION (ARQ_ACC_ID,ARQ_ACC_ARQ_MOD_ID,ARQ_ACC_NOMBRE,ARQ_ACC_DESCRIPCION,ARQ_ACC_ACCION,ARQ_ACC_ESTADO,ARQ_ACC_FECHA_CR,ARQ_ACC_USR_ID_CR,ARQ_ACC_FECHA_MD,ARQ_ACC_USR_ID_MD) values ('10203','10100','MODIFICAR USUARIO',null,null,'A',to_date('04/09/20','DD/MM/RR'),'1',to_date('04/09/20','DD/MM/RR'),'1');
Insert into VALID.ARQ_ACCION (ARQ_ACC_ID,ARQ_ACC_ARQ_MOD_ID,ARQ_ACC_NOMBRE,ARQ_ACC_DESCRIPCION,ARQ_ACC_ACCION,ARQ_ACC_ESTADO,ARQ_ACC_FECHA_CR,ARQ_ACC_USR_ID_CR,ARQ_ACC_FECHA_MD,ARQ_ACC_USR_ID_MD) values ('10204','10100','INACTIVAR USUARIO',null,null,'A',to_date('04/09/20','DD/MM/RR'),'1',to_date('04/09/20','DD/MM/RR'),'1');
Insert into VALID.ARQ_ACCION (ARQ_ACC_ID,ARQ_ACC_ARQ_MOD_ID,ARQ_ACC_NOMBRE,ARQ_ACC_DESCRIPCION,ARQ_ACC_ACCION,ARQ_ACC_ESTADO,ARQ_ACC_FECHA_CR,ARQ_ACC_USR_ID_CR,ARQ_ACC_FECHA_MD,ARQ_ACC_USR_ID_MD) values ('10205','10100','ACTIVAR USUARIO',null,null,'A',to_date('04/09/20','DD/MM/RR'),'1',to_date('04/09/20','DD/MM/RR'),'1');
Insert into VALID.ARQ_ACCION (ARQ_ACC_ID,ARQ_ACC_ARQ_MOD_ID,ARQ_ACC_NOMBRE,ARQ_ACC_DESCRIPCION,ARQ_ACC_ACCION,ARQ_ACC_ESTADO,ARQ_ACC_FECHA_CR,ARQ_ACC_USR_ID_CR,ARQ_ACC_FECHA_MD,ARQ_ACC_USR_ID_MD) values ('10301','10100','VER MENU ADMISTRACION',null,null,'A',to_date('04/09/20','DD/MM/RR'),'1',to_date('04/09/20','DD/MM/RR'),'1');
REM INSERTING into VALID.ARQ_AUDITORIA
SET DEFINE OFF;
Insert into VALID.ARQ_AUDITORIA (ARQ_AUD_ID,ARQ_AUD_TABLA,ARQ_AUD_ID_TABLA,ARQ_AUD_VALOR_ANTERIOR,ARQ_AUD_VALOR_NUEVO,ARQ_AUD_OBSERVACION,ARQ_AUD_USR_ID,ARQ_AUD_FECHA) values ('1','ARQ_USUARIO','3','A','I','esta inactivacion se realiza por motivo de pruebas','1',to_date('26/07/20','DD/MM/RR'));
Insert into VALID.ARQ_AUDITORIA (ARQ_AUD_ID,ARQ_AUD_TABLA,ARQ_AUD_ID_TABLA,ARQ_AUD_VALOR_ANTERIOR,ARQ_AUD_VALOR_NUEVO,ARQ_AUD_OBSERVACION,ARQ_AUD_USR_ID,ARQ_AUD_FECHA) values ('2','ARQ_USUARIO','3','I','A','Esta activacion se hace por motivo prueba','1',to_date('26/07/20','DD/MM/RR'));
REM INSERTING into VALID.ARQ_CONFIGURACION
SET DEFINE OFF;
REM INSERTING into VALID.ARQ_MODULO
SET DEFINE OFF;
Insert into VALID.ARQ_MODULO (ARQ_MOD_ID,ARQ_MOD_NOMBRE,ARQ_MOD_DESCRIPCION,ARQ_MOD_ESTADO,ARQ_MOD_FECHA_CR,ARQ_MOD_USR_ID_CR,ARQ_MOD_FECHA_MD,ARQ_MOD_USR_ID_MD) values ('10300','ACTUALIZAR PROCESADOS',null,'A',to_date('04/09/20','DD/MM/RR'),'1',to_date('04/09/20','DD/MM/RR'),'1');
Insert into VALID.ARQ_MODULO (ARQ_MOD_ID,ARQ_MOD_NOMBRE,ARQ_MOD_DESCRIPCION,ARQ_MOD_ESTADO,ARQ_MOD_FECHA_CR,ARQ_MOD_USR_ID_CR,ARQ_MOD_FECHA_MD,ARQ_MOD_USR_ID_MD) values ('10200','REGISTRO',null,'A',to_date('04/09/20','DD/MM/RR'),'1',to_date('04/09/20','DD/MM/RR'),'1');
Insert into VALID.ARQ_MODULO (ARQ_MOD_ID,ARQ_MOD_NOMBRE,ARQ_MOD_DESCRIPCION,ARQ_MOD_ESTADO,ARQ_MOD_FECHA_CR,ARQ_MOD_USR_ID_CR,ARQ_MOD_FECHA_MD,ARQ_MOD_USR_ID_MD) values ('10100','ADMINISTRACION',null,'A',to_date('04/09/20','DD/MM/RR'),'1',to_date('04/09/20','DD/MM/RR'),'1');
REM INSERTING into VALID.ARQ_ROL
SET DEFINE OFF;
Insert into VALID.ARQ_ROL (ARQ_ROL_ID,ARQ_ROL_NOMBRE,ARQ_ROL_DESCRIPCION,ARQ_ROL_ESTADO,ARQ_ROL_FECHA_CR,ARQ_ROL_USR_ID_CR,ARQ_ROL_FECHA_MD,ARQ_ROL_USR_ID_MD) values ('2','LIMITADO','Usuario con restricciones de acceso','A',to_date('04/09/20','DD/MM/RR'),'1',to_date('07/09/20','DD/MM/RR'),'1');
Insert into VALID.ARQ_ROL (ARQ_ROL_ID,ARQ_ROL_NOMBRE,ARQ_ROL_DESCRIPCION,ARQ_ROL_ESTADO,ARQ_ROL_FECHA_CR,ARQ_ROL_USR_ID_CR,ARQ_ROL_FECHA_MD,ARQ_ROL_USR_ID_MD) values ('1','ADMINISTRADOR','ASOCIO TODAS LAS ACCIONES','A',to_date('25/07/20','DD/MM/RR'),'1',to_date('06/09/20','DD/MM/RR'),'1');
REM INSERTING into VALID.ARQ_ROL_ACCION
SET DEFINE OFF;
Insert into VALID.ARQ_ROL_ACCION (ARQ_ROL_ACC_ID,ARQ_ROL_ACC_ARQ_ROL_ID,ARQ_ROL_ACC_ARQ_ACC_ID,ARQ_ROL_ACC_ESTADO,ARQ_ROL_ACC_FECHA_CR,ARQ_ROL_ACC_USR_ID_CR,ARQ_ROL_ACC_FECHA_MD,ARQ_ROL_ACC_USR_ID_MD) values ('12','2','10301','A',to_date('04/09/20','DD/MM/RR'),'1',to_date('04/09/20','DD/MM/RR'),'1');
Insert into VALID.ARQ_ROL_ACCION (ARQ_ROL_ACC_ID,ARQ_ROL_ACC_ARQ_ROL_ID,ARQ_ROL_ACC_ARQ_ACC_ID,ARQ_ROL_ACC_ESTADO,ARQ_ROL_ACC_FECHA_CR,ARQ_ROL_ACC_USR_ID_CR,ARQ_ROL_ACC_FECHA_MD,ARQ_ROL_ACC_USR_ID_MD) values ('11','1','10301','A',to_date('04/09/20','DD/MM/RR'),'1',to_date('04/09/20','DD/MM/RR'),'1');
Insert into VALID.ARQ_ROL_ACCION (ARQ_ROL_ACC_ID,ARQ_ROL_ACC_ARQ_ROL_ID,ARQ_ROL_ACC_ARQ_ACC_ID,ARQ_ROL_ACC_ESTADO,ARQ_ROL_ACC_FECHA_CR,ARQ_ROL_ACC_USR_ID_CR,ARQ_ROL_ACC_FECHA_MD,ARQ_ROL_ACC_USR_ID_MD) values ('31','1','10401','A',to_date('06/09/20','DD/MM/RR'),'1',to_date('06/09/20','DD/MM/RR'),'1');
Insert into VALID.ARQ_ROL_ACCION (ARQ_ROL_ACC_ID,ARQ_ROL_ACC_ARQ_ROL_ID,ARQ_ROL_ACC_ARQ_ACC_ID,ARQ_ROL_ACC_ESTADO,ARQ_ROL_ACC_FECHA_CR,ARQ_ROL_ACC_USR_ID_CR,ARQ_ROL_ACC_FECHA_MD,ARQ_ROL_ACC_USR_ID_MD) values ('32','1','10402','A',to_date('06/09/20','DD/MM/RR'),'1',to_date('06/09/20','DD/MM/RR'),'1');
Insert into VALID.ARQ_ROL_ACCION (ARQ_ROL_ACC_ID,ARQ_ROL_ACC_ARQ_ROL_ID,ARQ_ROL_ACC_ARQ_ACC_ID,ARQ_ROL_ACC_ESTADO,ARQ_ROL_ACC_FECHA_CR,ARQ_ROL_ACC_USR_ID_CR,ARQ_ROL_ACC_FECHA_MD,ARQ_ROL_ACC_USR_ID_MD) values ('51','1','10501','A',to_date('06/09/20','DD/MM/RR'),'1',to_date('06/09/20','DD/MM/RR'),'1');
Insert into VALID.ARQ_ROL_ACCION (ARQ_ROL_ACC_ID,ARQ_ROL_ACC_ARQ_ROL_ID,ARQ_ROL_ACC_ARQ_ACC_ID,ARQ_ROL_ACC_ESTADO,ARQ_ROL_ACC_FECHA_CR,ARQ_ROL_ACC_USR_ID_CR,ARQ_ROL_ACC_FECHA_MD,ARQ_ROL_ACC_USR_ID_MD) values ('53','1','10502','A',to_date('06/09/20','DD/MM/RR'),'1',to_date('06/09/20','DD/MM/RR'),'1');
Insert into VALID.ARQ_ROL_ACCION (ARQ_ROL_ACC_ID,ARQ_ROL_ACC_ARQ_ROL_ID,ARQ_ROL_ACC_ARQ_ACC_ID,ARQ_ROL_ACC_ESTADO,ARQ_ROL_ACC_FECHA_CR,ARQ_ROL_ACC_USR_ID_CR,ARQ_ROL_ACC_FECHA_MD,ARQ_ROL_ACC_USR_ID_MD) values ('1','1','10101','A',to_date('25/07/20','DD/MM/RR'),'1',to_date('25/07/20','DD/MM/RR'),'1');
Insert into VALID.ARQ_ROL_ACCION (ARQ_ROL_ACC_ID,ARQ_ROL_ACC_ARQ_ROL_ID,ARQ_ROL_ACC_ARQ_ACC_ID,ARQ_ROL_ACC_ESTADO,ARQ_ROL_ACC_FECHA_CR,ARQ_ROL_ACC_USR_ID_CR,ARQ_ROL_ACC_FECHA_MD,ARQ_ROL_ACC_USR_ID_MD) values ('61','2','10401','A',to_date('07/09/20','DD/MM/RR'),'1',to_date('07/09/20','DD/MM/RR'),'1');
Insert into VALID.ARQ_ROL_ACCION (ARQ_ROL_ACC_ID,ARQ_ROL_ACC_ARQ_ROL_ID,ARQ_ROL_ACC_ARQ_ACC_ID,ARQ_ROL_ACC_ESTADO,ARQ_ROL_ACC_FECHA_CR,ARQ_ROL_ACC_USR_ID_CR,ARQ_ROL_ACC_FECHA_MD,ARQ_ROL_ACC_USR_ID_MD) values ('3','1','10103','A',to_date('25/07/20','DD/MM/RR'),'1',to_date('25/07/20','DD/MM/RR'),'1');
Insert into VALID.ARQ_ROL_ACCION (ARQ_ROL_ACC_ID,ARQ_ROL_ACC_ARQ_ROL_ID,ARQ_ROL_ACC_ARQ_ACC_ID,ARQ_ROL_ACC_ESTADO,ARQ_ROL_ACC_FECHA_CR,ARQ_ROL_ACC_USR_ID_CR,ARQ_ROL_ACC_FECHA_MD,ARQ_ROL_ACC_USR_ID_MD) values ('4','1','10104','A',to_date('25/07/20','DD/MM/RR'),'1',to_date('25/07/20','DD/MM/RR'),'1');
Insert into VALID.ARQ_ROL_ACCION (ARQ_ROL_ACC_ID,ARQ_ROL_ACC_ARQ_ROL_ID,ARQ_ROL_ACC_ARQ_ACC_ID,ARQ_ROL_ACC_ESTADO,ARQ_ROL_ACC_FECHA_CR,ARQ_ROL_ACC_USR_ID_CR,ARQ_ROL_ACC_FECHA_MD,ARQ_ROL_ACC_USR_ID_MD) values ('5','1','10105','A',to_date('25/07/20','DD/MM/RR'),'1',to_date('25/07/20','DD/MM/RR'),'1');
Insert into VALID.ARQ_ROL_ACCION (ARQ_ROL_ACC_ID,ARQ_ROL_ACC_ARQ_ROL_ID,ARQ_ROL_ACC_ARQ_ACC_ID,ARQ_ROL_ACC_ESTADO,ARQ_ROL_ACC_FECHA_CR,ARQ_ROL_ACC_USR_ID_CR,ARQ_ROL_ACC_FECHA_MD,ARQ_ROL_ACC_USR_ID_MD) values ('6','1','10201','A',to_date('25/07/20','DD/MM/RR'),'1',to_date('25/07/20','DD/MM/RR'),'1');
Insert into VALID.ARQ_ROL_ACCION (ARQ_ROL_ACC_ID,ARQ_ROL_ACC_ARQ_ROL_ID,ARQ_ROL_ACC_ARQ_ACC_ID,ARQ_ROL_ACC_ESTADO,ARQ_ROL_ACC_FECHA_CR,ARQ_ROL_ACC_USR_ID_CR,ARQ_ROL_ACC_FECHA_MD,ARQ_ROL_ACC_USR_ID_MD) values ('7','1','10202','A',to_date('25/07/20','DD/MM/RR'),'1',to_date('25/07/20','DD/MM/RR'),'1');
Insert into VALID.ARQ_ROL_ACCION (ARQ_ROL_ACC_ID,ARQ_ROL_ACC_ARQ_ROL_ID,ARQ_ROL_ACC_ARQ_ACC_ID,ARQ_ROL_ACC_ESTADO,ARQ_ROL_ACC_FECHA_CR,ARQ_ROL_ACC_USR_ID_CR,ARQ_ROL_ACC_FECHA_MD,ARQ_ROL_ACC_USR_ID_MD) values ('8','1','10203','A',to_date('25/07/20','DD/MM/RR'),'1',to_date('25/07/20','DD/MM/RR'),'1');
Insert into VALID.ARQ_ROL_ACCION (ARQ_ROL_ACC_ID,ARQ_ROL_ACC_ARQ_ROL_ID,ARQ_ROL_ACC_ARQ_ACC_ID,ARQ_ROL_ACC_ESTADO,ARQ_ROL_ACC_FECHA_CR,ARQ_ROL_ACC_USR_ID_CR,ARQ_ROL_ACC_FECHA_MD,ARQ_ROL_ACC_USR_ID_MD) values ('9','1','10204','A',to_date('25/07/20','DD/MM/RR'),'1',to_date('25/07/20','DD/MM/RR'),'1');
Insert into VALID.ARQ_ROL_ACCION (ARQ_ROL_ACC_ID,ARQ_ROL_ACC_ARQ_ROL_ID,ARQ_ROL_ACC_ARQ_ACC_ID,ARQ_ROL_ACC_ESTADO,ARQ_ROL_ACC_FECHA_CR,ARQ_ROL_ACC_USR_ID_CR,ARQ_ROL_ACC_FECHA_MD,ARQ_ROL_ACC_USR_ID_MD) values ('10','1','10205','A',to_date('25/07/20','DD/MM/RR'),'1',to_date('25/07/20','DD/MM/RR'),'1');
Insert into VALID.ARQ_ROL_ACCION (ARQ_ROL_ACC_ID,ARQ_ROL_ACC_ARQ_ROL_ID,ARQ_ROL_ACC_ARQ_ACC_ID,ARQ_ROL_ACC_ESTADO,ARQ_ROL_ACC_FECHA_CR,ARQ_ROL_ACC_USR_ID_CR,ARQ_ROL_ACC_FECHA_MD,ARQ_ROL_ACC_USR_ID_MD) values ('13','1','10102','A',to_date('05/09/20','DD/MM/RR'),'1',to_date('05/09/20','DD/MM/RR'),'1');
Insert into VALID.ARQ_ROL_ACCION (ARQ_ROL_ACC_ID,ARQ_ROL_ACC_ARQ_ROL_ID,ARQ_ROL_ACC_ARQ_ACC_ID,ARQ_ROL_ACC_ESTADO,ARQ_ROL_ACC_FECHA_CR,ARQ_ROL_ACC_USR_ID_CR,ARQ_ROL_ACC_FECHA_MD,ARQ_ROL_ACC_USR_ID_MD) values ('59','2','10501','A',to_date('07/09/20','DD/MM/RR'),'1',to_date('07/09/20','DD/MM/RR'),'1');
Insert into VALID.ARQ_ROL_ACCION (ARQ_ROL_ACC_ID,ARQ_ROL_ACC_ARQ_ROL_ID,ARQ_ROL_ACC_ARQ_ACC_ID,ARQ_ROL_ACC_ESTADO,ARQ_ROL_ACC_FECHA_CR,ARQ_ROL_ACC_USR_ID_CR,ARQ_ROL_ACC_FECHA_MD,ARQ_ROL_ACC_USR_ID_MD) values ('62','2','10402','A',to_date('07/09/20','DD/MM/RR'),'1',to_date('07/09/20','DD/MM/RR'),'1');
Insert into VALID.ARQ_ROL_ACCION (ARQ_ROL_ACC_ID,ARQ_ROL_ACC_ARQ_ROL_ID,ARQ_ROL_ACC_ARQ_ACC_ID,ARQ_ROL_ACC_ESTADO,ARQ_ROL_ACC_FECHA_CR,ARQ_ROL_ACC_USR_ID_CR,ARQ_ROL_ACC_FECHA_MD,ARQ_ROL_ACC_USR_ID_MD) values ('60','2','10502','A',to_date('07/09/20','DD/MM/RR'),'1',to_date('07/09/20','DD/MM/RR'),'1');
REM INSERTING into VALID.ARQ_SESION
SET DEFINE OFF;
Insert into VALID.ARQ_SESION (ARQ_SES_ID,ARQ_SES_ARQ_USR_ID,ARQ_SES_TIPO_ACCESO,ARQ_SES_IP,ARQ_SES_MAC,ARQ_SES_FECHA_ACCESO,ARQ_SES_FECHA_CIERRE,ARQ_SES_OBSERVACION,ARQ_SES_ESTADO,ARQ_SES_FECHA_CR,ARQ_SES_USR_ID_CR,ARQ_SES_FECHA_MD,ARQ_SES_USR_ID_MD) values ('72','1','null','0:0:0:0:0:0:0:1','0:0:0:0:0:0:0:1',to_date('04/09/20','DD/MM/RR'),to_date('04/09/20','DD/MM/RR'),null,'I',to_date('04/09/20','DD/MM/RR'),'1',to_date('04/09/20','DD/MM/RR'),'1');
Insert into VALID.ARQ_SESION (ARQ_SES_ID,ARQ_SES_ARQ_USR_ID,ARQ_SES_TIPO_ACCESO,ARQ_SES_IP,ARQ_SES_MAC,ARQ_SES_FECHA_ACCESO,ARQ_SES_FECHA_CIERRE,ARQ_SES_OBSERVACION,ARQ_SES_ESTADO,ARQ_SES_FECHA_CR,ARQ_SES_USR_ID_CR,ARQ_SES_FECHA_MD,ARQ_SES_USR_ID_MD) values ('73','1','null','0:0:0:0:0:0:0:1','0:0:0:0:0:0:0:1',to_date('04/09/20','DD/MM/RR'),to_date('04/09/20','DD/MM/RR'),null,'I',to_date('04/09/20','DD/MM/RR'),'1',to_date('04/09/20','DD/MM/RR'),'1');
Insert into VALID.ARQ_SESION (ARQ_SES_ID,ARQ_SES_ARQ_USR_ID,ARQ_SES_TIPO_ACCESO,ARQ_SES_IP,ARQ_SES_MAC,ARQ_SES_FECHA_ACCESO,ARQ_SES_FECHA_CIERRE,ARQ_SES_OBSERVACION,ARQ_SES_ESTADO,ARQ_SES_FECHA_CR,ARQ_SES_USR_ID_CR,ARQ_SES_FECHA_MD,ARQ_SES_USR_ID_MD) values ('74','1','null','0:0:0:0:0:0:0:1','0:0:0:0:0:0:0:1',to_date('04/09/20','DD/MM/RR'),to_date('04/09/20','DD/MM/RR'),null,'I',to_date('04/09/20','DD/MM/RR'),'1',to_date('04/09/20','DD/MM/RR'),'1');
Insert into VALID.ARQ_SESION (ARQ_SES_ID,ARQ_SES_ARQ_USR_ID,ARQ_SES_TIPO_ACCESO,ARQ_SES_IP,ARQ_SES_MAC,ARQ_SES_FECHA_ACCESO,ARQ_SES_FECHA_CIERRE,ARQ_SES_OBSERVACION,ARQ_SES_ESTADO,ARQ_SES_FECHA_CR,ARQ_SES_USR_ID_CR,ARQ_SES_FECHA_MD,ARQ_SES_USR_ID_MD) values ('75','1','null','0:0:0:0:0:0:0:1','0:0:0:0:0:0:0:1',to_date('04/09/20','DD/MM/RR'),to_date('04/09/20','DD/MM/RR'),null,'I',to_date('04/09/20','DD/MM/RR'),'1',to_date('04/09/20','DD/MM/RR'),'1');
Insert into VALID.ARQ_SESION (ARQ_SES_ID,ARQ_SES_ARQ_USR_ID,ARQ_SES_TIPO_ACCESO,ARQ_SES_IP,ARQ_SES_MAC,ARQ_SES_FECHA_ACCESO,ARQ_SES_FECHA_CIERRE,ARQ_SES_OBSERVACION,ARQ_SES_ESTADO,ARQ_SES_FECHA_CR,ARQ_SES_USR_ID_CR,ARQ_SES_FECHA_MD,ARQ_SES_USR_ID_MD) values ('76','4','null','0:0:0:0:0:0:0:1','0:0:0:0:0:0:0:1',to_date('04/09/20','DD/MM/RR'),to_date('04/09/20','DD/MM/RR'),null,'I',to_date('04/09/20','DD/MM/RR'),'4',to_date('04/09/20','DD/MM/RR'),'4');
Insert into VALID.ARQ_SESION (ARQ_SES_ID,ARQ_SES_ARQ_USR_ID,ARQ_SES_TIPO_ACCESO,ARQ_SES_IP,ARQ_SES_MAC,ARQ_SES_FECHA_ACCESO,ARQ_SES_FECHA_CIERRE,ARQ_SES_OBSERVACION,ARQ_SES_ESTADO,ARQ_SES_FECHA_CR,ARQ_SES_USR_ID_CR,ARQ_SES_FECHA_MD,ARQ_SES_USR_ID_MD) values ('77','1','null','0:0:0:0:0:0:0:1','0:0:0:0:0:0:0:1',to_date('04/09/20','DD/MM/RR'),to_date('04/09/20','DD/MM/RR'),null,'I',to_date('04/09/20','DD/MM/RR'),'1',to_date('04/09/20','DD/MM/RR'),'1');
Insert into VALID.ARQ_SESION (ARQ_SES_ID,ARQ_SES_ARQ_USR_ID,ARQ_SES_TIPO_ACCESO,ARQ_SES_IP,ARQ_SES_MAC,ARQ_SES_FECHA_ACCESO,ARQ_SES_FECHA_CIERRE,ARQ_SES_OBSERVACION,ARQ_SES_ESTADO,ARQ_SES_FECHA_CR,ARQ_SES_USR_ID_CR,ARQ_SES_FECHA_MD,ARQ_SES_USR_ID_MD) values ('82','1','null','0:0:0:0:0:0:0:1','0:0:0:0:0:0:0:1',to_date('04/09/20','DD/MM/RR'),to_date('04/09/20','DD/MM/RR'),null,'I',to_date('04/09/20','DD/MM/RR'),'1',to_date('04/09/20','DD/MM/RR'),'1');
Insert into VALID.ARQ_SESION (ARQ_SES_ID,ARQ_SES_ARQ_USR_ID,ARQ_SES_TIPO_ACCESO,ARQ_SES_IP,ARQ_SES_MAC,ARQ_SES_FECHA_ACCESO,ARQ_SES_FECHA_CIERRE,ARQ_SES_OBSERVACION,ARQ_SES_ESTADO,ARQ_SES_FECHA_CR,ARQ_SES_USR_ID_CR,ARQ_SES_FECHA_MD,ARQ_SES_USR_ID_MD) values ('83','4','null','0:0:0:0:0:0:0:1','0:0:0:0:0:0:0:1',to_date('04/09/20','DD/MM/RR'),to_date('04/09/20','DD/MM/RR'),null,'I',to_date('04/09/20','DD/MM/RR'),'4',to_date('04/09/20','DD/MM/RR'),'4');
Insert into VALID.ARQ_SESION (ARQ_SES_ID,ARQ_SES_ARQ_USR_ID,ARQ_SES_TIPO_ACCESO,ARQ_SES_IP,ARQ_SES_MAC,ARQ_SES_FECHA_ACCESO,ARQ_SES_FECHA_CIERRE,ARQ_SES_OBSERVACION,ARQ_SES_ESTADO,ARQ_SES_FECHA_CR,ARQ_SES_USR_ID_CR,ARQ_SES_FECHA_MD,ARQ_SES_USR_ID_MD) values ('84','4','null','0:0:0:0:0:0:0:1','0:0:0:0:0:0:0:1',to_date('04/09/20','DD/MM/RR'),to_date('04/09/20','DD/MM/RR'),null,'I',to_date('04/09/20','DD/MM/RR'),'4',to_date('04/09/20','DD/MM/RR'),'4');
Insert into VALID.ARQ_SESION (ARQ_SES_ID,ARQ_SES_ARQ_USR_ID,ARQ_SES_TIPO_ACCESO,ARQ_SES_IP,ARQ_SES_MAC,ARQ_SES_FECHA_ACCESO,ARQ_SES_FECHA_CIERRE,ARQ_SES_OBSERVACION,ARQ_SES_ESTADO,ARQ_SES_FECHA_CR,ARQ_SES_USR_ID_CR,ARQ_SES_FECHA_MD,ARQ_SES_USR_ID_MD) values ('85','1','null','0:0:0:0:0:0:0:1','0:0:0:0:0:0:0:1',to_date('04/09/20','DD/MM/RR'),to_date('04/09/20','DD/MM/RR'),null,'I',to_date('04/09/20','DD/MM/RR'),'1',to_date('04/09/20','DD/MM/RR'),'1');
Insert into VALID.ARQ_SESION (ARQ_SES_ID,ARQ_SES_ARQ_USR_ID,ARQ_SES_TIPO_ACCESO,ARQ_SES_IP,ARQ_SES_MAC,ARQ_SES_FECHA_ACCESO,ARQ_SES_FECHA_CIERRE,ARQ_SES_OBSERVACION,ARQ_SES_ESTADO,ARQ_SES_FECHA_CR,ARQ_SES_USR_ID_CR,ARQ_SES_FECHA_MD,ARQ_SES_USR_ID_MD) values ('86','4','null','0:0:0:0:0:0:0:1','0:0:0:0:0:0:0:1',to_date('04/09/20','DD/MM/RR'),to_date('04/09/20','DD/MM/RR'),null,'I',to_date('04/09/20','DD/MM/RR'),'4',to_date('04/09/20','DD/MM/RR'),'4');
Insert into VALID.ARQ_SESION (ARQ_SES_ID,ARQ_SES_ARQ_USR_ID,ARQ_SES_TIPO_ACCESO,ARQ_SES_IP,ARQ_SES_MAC,ARQ_SES_FECHA_ACCESO,ARQ_SES_FECHA_CIERRE,ARQ_SES_OBSERVACION,ARQ_SES_ESTADO,ARQ_SES_FECHA_CR,ARQ_SES_USR_ID_CR,ARQ_SES_FECHA_MD,ARQ_SES_USR_ID_MD) values ('87','4','null','0:0:0:0:0:0:0:1','0:0:0:0:0:0:0:1',to_date('04/09/20','DD/MM/RR'),to_date('04/09/20','DD/MM/RR'),null,'I',to_date('04/09/20','DD/MM/RR'),'4',to_date('04/09/20','DD/MM/RR'),'4');
Insert into VALID.ARQ_SESION (ARQ_SES_ID,ARQ_SES_ARQ_USR_ID,ARQ_SES_TIPO_ACCESO,ARQ_SES_IP,ARQ_SES_MAC,ARQ_SES_FECHA_ACCESO,ARQ_SES_FECHA_CIERRE,ARQ_SES_OBSERVACION,ARQ_SES_ESTADO,ARQ_SES_FECHA_CR,ARQ_SES_USR_ID_CR,ARQ_SES_FECHA_MD,ARQ_SES_USR_ID_MD) values ('88','1','null','0:0:0:0:0:0:0:1','0:0:0:0:0:0:0:1',to_date('04/09/20','DD/MM/RR'),to_date('04/09/20','DD/MM/RR'),null,'I',to_date('04/09/20','DD/MM/RR'),'1',to_date('04/09/20','DD/MM/RR'),'1');
Insert into VALID.ARQ_SESION (ARQ_SES_ID,ARQ_SES_ARQ_USR_ID,ARQ_SES_TIPO_ACCESO,ARQ_SES_IP,ARQ_SES_MAC,ARQ_SES_FECHA_ACCESO,ARQ_SES_FECHA_CIERRE,ARQ_SES_OBSERVACION,ARQ_SES_ESTADO,ARQ_SES_FECHA_CR,ARQ_SES_USR_ID_CR,ARQ_SES_FECHA_MD,ARQ_SES_USR_ID_MD) values ('89','1','null','0:0:0:0:0:0:0:1','0:0:0:0:0:0:0:1',to_date('04/09/20','DD/MM/RR'),to_date('04/09/20','DD/MM/RR'),null,'I',to_date('04/09/20','DD/MM/RR'),'1',to_date('04/09/20','DD/MM/RR'),'1');
Insert into VALID.ARQ_SESION (ARQ_SES_ID,ARQ_SES_ARQ_USR_ID,ARQ_SES_TIPO_ACCESO,ARQ_SES_IP,ARQ_SES_MAC,ARQ_SES_FECHA_ACCESO,ARQ_SES_FECHA_CIERRE,ARQ_SES_OBSERVACION,ARQ_SES_ESTADO,ARQ_SES_FECHA_CR,ARQ_SES_USR_ID_CR,ARQ_SES_FECHA_MD,ARQ_SES_USR_ID_MD) values ('90','4','null','0:0:0:0:0:0:0:1','0:0:0:0:0:0:0:1',to_date('04/09/20','DD/MM/RR'),to_date('04/09/20','DD/MM/RR'),null,'I',to_date('04/09/20','DD/MM/RR'),'4',to_date('04/09/20','DD/MM/RR'),'4');
Insert into VALID.ARQ_SESION (ARQ_SES_ID,ARQ_SES_ARQ_USR_ID,ARQ_SES_TIPO_ACCESO,ARQ_SES_IP,ARQ_SES_MAC,ARQ_SES_FECHA_ACCESO,ARQ_SES_FECHA_CIERRE,ARQ_SES_OBSERVACION,ARQ_SES_ESTADO,ARQ_SES_FECHA_CR,ARQ_SES_USR_ID_CR,ARQ_SES_FECHA_MD,ARQ_SES_USR_ID_MD) values ('91','4','null','0:0:0:0:0:0:0:1','0:0:0:0:0:0:0:1',to_date('04/09/20','DD/MM/RR'),to_date('04/09/20','DD/MM/RR'),null,'I',to_date('04/09/20','DD/MM/RR'),'4',to_date('04/09/20','DD/MM/RR'),'4');
Insert into VALID.ARQ_SESION (ARQ_SES_ID,ARQ_SES_ARQ_USR_ID,ARQ_SES_TIPO_ACCESO,ARQ_SES_IP,ARQ_SES_MAC,ARQ_SES_FECHA_ACCESO,ARQ_SES_FECHA_CIERRE,ARQ_SES_OBSERVACION,ARQ_SES_ESTADO,ARQ_SES_FECHA_CR,ARQ_SES_USR_ID_CR,ARQ_SES_FECHA_MD,ARQ_SES_USR_ID_MD) values ('92','1','null','0:0:0:0:0:0:0:1','0:0:0:0:0:0:0:1',to_date('04/09/20','DD/MM/RR'),to_date('04/09/20','DD/MM/RR'),null,'I',to_date('04/09/20','DD/MM/RR'),'1',to_date('04/09/20','DD/MM/RR'),'1');
Insert into VALID.ARQ_SESION (ARQ_SES_ID,ARQ_SES_ARQ_USR_ID,ARQ_SES_TIPO_ACCESO,ARQ_SES_IP,ARQ_SES_MAC,ARQ_SES_FECHA_ACCESO,ARQ_SES_FECHA_CIERRE,ARQ_SES_OBSERVACION,ARQ_SES_ESTADO,ARQ_SES_FECHA_CR,ARQ_SES_USR_ID_CR,ARQ_SES_FECHA_MD,ARQ_SES_USR_ID_MD) values ('93','1','null','0:0:0:0:0:0:0:1','0:0:0:0:0:0:0:1',to_date('04/09/20','DD/MM/RR'),to_date('04/09/20','DD/MM/RR'),null,'I',to_date('04/09/20','DD/MM/RR'),'1',to_date('04/09/20','DD/MM/RR'),'1');
Insert into VALID.ARQ_SESION (ARQ_SES_ID,ARQ_SES_ARQ_USR_ID,ARQ_SES_TIPO_ACCESO,ARQ_SES_IP,ARQ_SES_MAC,ARQ_SES_FECHA_ACCESO,ARQ_SES_FECHA_CIERRE,ARQ_SES_OBSERVACION,ARQ_SES_ESTADO,ARQ_SES_FECHA_CR,ARQ_SES_USR_ID_CR,ARQ_SES_FECHA_MD,ARQ_SES_USR_ID_MD) values ('94','1','null','0:0:0:0:0:0:0:1','0:0:0:0:0:0:0:1',to_date('04/09/20','DD/MM/RR'),to_date('05/09/20','DD/MM/RR'),null,'I',to_date('04/09/20','DD/MM/RR'),'1',to_date('05/09/20','DD/MM/RR'),'1');
Insert into VALID.ARQ_SESION (ARQ_SES_ID,ARQ_SES_ARQ_USR_ID,ARQ_SES_TIPO_ACCESO,ARQ_SES_IP,ARQ_SES_MAC,ARQ_SES_FECHA_ACCESO,ARQ_SES_FECHA_CIERRE,ARQ_SES_OBSERVACION,ARQ_SES_ESTADO,ARQ_SES_FECHA_CR,ARQ_SES_USR_ID_CR,ARQ_SES_FECHA_MD,ARQ_SES_USR_ID_MD) values ('125','4','null','0:0:0:0:0:0:0:1','0:0:0:0:0:0:0:1',to_date('05/09/20','DD/MM/RR'),to_date('05/09/20','DD/MM/RR'),null,'I',to_date('05/09/20','DD/MM/RR'),'4',to_date('05/09/20','DD/MM/RR'),'4');
Insert into VALID.ARQ_SESION (ARQ_SES_ID,ARQ_SES_ARQ_USR_ID,ARQ_SES_TIPO_ACCESO,ARQ_SES_IP,ARQ_SES_MAC,ARQ_SES_FECHA_ACCESO,ARQ_SES_FECHA_CIERRE,ARQ_SES_OBSERVACION,ARQ_SES_ESTADO,ARQ_SES_FECHA_CR,ARQ_SES_USR_ID_CR,ARQ_SES_FECHA_MD,ARQ_SES_USR_ID_MD) values ('126','1','null','0:0:0:0:0:0:0:1','0:0:0:0:0:0:0:1',to_date('05/09/20','DD/MM/RR'),to_date('05/09/20','DD/MM/RR'),null,'I',to_date('05/09/20','DD/MM/RR'),'1',to_date('05/09/20','DD/MM/RR'),'1');
Insert into VALID.ARQ_SESION (ARQ_SES_ID,ARQ_SES_ARQ_USR_ID,ARQ_SES_TIPO_ACCESO,ARQ_SES_IP,ARQ_SES_MAC,ARQ_SES_FECHA_ACCESO,ARQ_SES_FECHA_CIERRE,ARQ_SES_OBSERVACION,ARQ_SES_ESTADO,ARQ_SES_FECHA_CR,ARQ_SES_USR_ID_CR,ARQ_SES_FECHA_MD,ARQ_SES_USR_ID_MD) values ('127','4','null','0:0:0:0:0:0:0:1','0:0:0:0:0:0:0:1',to_date('05/09/20','DD/MM/RR'),to_date('05/09/20','DD/MM/RR'),null,'I',to_date('05/09/20','DD/MM/RR'),'4',to_date('05/09/20','DD/MM/RR'),'4');
Insert into VALID.ARQ_SESION (ARQ_SES_ID,ARQ_SES_ARQ_USR_ID,ARQ_SES_TIPO_ACCESO,ARQ_SES_IP,ARQ_SES_MAC,ARQ_SES_FECHA_ACCESO,ARQ_SES_FECHA_CIERRE,ARQ_SES_OBSERVACION,ARQ_SES_ESTADO,ARQ_SES_FECHA_CR,ARQ_SES_USR_ID_CR,ARQ_SES_FECHA_MD,ARQ_SES_USR_ID_MD) values ('128','4','null','0:0:0:0:0:0:0:1','0:0:0:0:0:0:0:1',to_date('05/09/20','DD/MM/RR'),to_date('05/09/20','DD/MM/RR'),null,'I',to_date('05/09/20','DD/MM/RR'),'4',to_date('05/09/20','DD/MM/RR'),'4');
Insert into VALID.ARQ_SESION (ARQ_SES_ID,ARQ_SES_ARQ_USR_ID,ARQ_SES_TIPO_ACCESO,ARQ_SES_IP,ARQ_SES_MAC,ARQ_SES_FECHA_ACCESO,ARQ_SES_FECHA_CIERRE,ARQ_SES_OBSERVACION,ARQ_SES_ESTADO,ARQ_SES_FECHA_CR,ARQ_SES_USR_ID_CR,ARQ_SES_FECHA_MD,ARQ_SES_USR_ID_MD) values ('129','4','null','0:0:0:0:0:0:0:1','0:0:0:0:0:0:0:1',to_date('05/09/20','DD/MM/RR'),to_date('05/09/20','DD/MM/RR'),null,'I',to_date('05/09/20','DD/MM/RR'),'4',to_date('05/09/20','DD/MM/RR'),'4');
Insert into VALID.ARQ_SESION (ARQ_SES_ID,ARQ_SES_ARQ_USR_ID,ARQ_SES_TIPO_ACCESO,ARQ_SES_IP,ARQ_SES_MAC,ARQ_SES_FECHA_ACCESO,ARQ_SES_FECHA_CIERRE,ARQ_SES_OBSERVACION,ARQ_SES_ESTADO,ARQ_SES_FECHA_CR,ARQ_SES_USR_ID_CR,ARQ_SES_FECHA_MD,ARQ_SES_USR_ID_MD) values ('130','1','null','0:0:0:0:0:0:0:1','0:0:0:0:0:0:0:1',to_date('05/09/20','DD/MM/RR'),to_date('05/09/20','DD/MM/RR'),null,'I',to_date('05/09/20','DD/MM/RR'),'1',to_date('05/09/20','DD/MM/RR'),'1');
Insert into VALID.ARQ_SESION (ARQ_SES_ID,ARQ_SES_ARQ_USR_ID,ARQ_SES_TIPO_ACCESO,ARQ_SES_IP,ARQ_SES_MAC,ARQ_SES_FECHA_ACCESO,ARQ_SES_FECHA_CIERRE,ARQ_SES_OBSERVACION,ARQ_SES_ESTADO,ARQ_SES_FECHA_CR,ARQ_SES_USR_ID_CR,ARQ_SES_FECHA_MD,ARQ_SES_USR_ID_MD) values ('131','4','null','0:0:0:0:0:0:0:1','0:0:0:0:0:0:0:1',to_date('05/09/20','DD/MM/RR'),to_date('05/09/20','DD/MM/RR'),null,'I',to_date('05/09/20','DD/MM/RR'),'4',to_date('05/09/20','DD/MM/RR'),'4');
Insert into VALID.ARQ_SESION (ARQ_SES_ID,ARQ_SES_ARQ_USR_ID,ARQ_SES_TIPO_ACCESO,ARQ_SES_IP,ARQ_SES_MAC,ARQ_SES_FECHA_ACCESO,ARQ_SES_FECHA_CIERRE,ARQ_SES_OBSERVACION,ARQ_SES_ESTADO,ARQ_SES_FECHA_CR,ARQ_SES_USR_ID_CR,ARQ_SES_FECHA_MD,ARQ_SES_USR_ID_MD) values ('132','4','null','0:0:0:0:0:0:0:1','0:0:0:0:0:0:0:1',to_date('05/09/20','DD/MM/RR'),to_date('05/09/20','DD/MM/RR'),null,'I',to_date('05/09/20','DD/MM/RR'),'4',to_date('05/09/20','DD/MM/RR'),'4');
Insert into VALID.ARQ_SESION (ARQ_SES_ID,ARQ_SES_ARQ_USR_ID,ARQ_SES_TIPO_ACCESO,ARQ_SES_IP,ARQ_SES_MAC,ARQ_SES_FECHA_ACCESO,ARQ_SES_FECHA_CIERRE,ARQ_SES_OBSERVACION,ARQ_SES_ESTADO,ARQ_SES_FECHA_CR,ARQ_SES_USR_ID_CR,ARQ_SES_FECHA_MD,ARQ_SES_USR_ID_MD) values ('133','1','null','0:0:0:0:0:0:0:1','0:0:0:0:0:0:0:1',to_date('05/09/20','DD/MM/RR'),to_date('05/09/20','DD/MM/RR'),null,'I',to_date('05/09/20','DD/MM/RR'),'1',to_date('05/09/20','DD/MM/RR'),'1');
Insert into VALID.ARQ_SESION (ARQ_SES_ID,ARQ_SES_ARQ_USR_ID,ARQ_SES_TIPO_ACCESO,ARQ_SES_IP,ARQ_SES_MAC,ARQ_SES_FECHA_ACCESO,ARQ_SES_FECHA_CIERRE,ARQ_SES_OBSERVACION,ARQ_SES_ESTADO,ARQ_SES_FECHA_CR,ARQ_SES_USR_ID_CR,ARQ_SES_FECHA_MD,ARQ_SES_USR_ID_MD) values ('134','4','null','0:0:0:0:0:0:0:1','0:0:0:0:0:0:0:1',to_date('05/09/20','DD/MM/RR'),to_date('05/09/20','DD/MM/RR'),null,'I',to_date('05/09/20','DD/MM/RR'),'4',to_date('05/09/20','DD/MM/RR'),'4');
Insert into VALID.ARQ_SESION (ARQ_SES_ID,ARQ_SES_ARQ_USR_ID,ARQ_SES_TIPO_ACCESO,ARQ_SES_IP,ARQ_SES_MAC,ARQ_SES_FECHA_ACCESO,ARQ_SES_FECHA_CIERRE,ARQ_SES_OBSERVACION,ARQ_SES_ESTADO,ARQ_SES_FECHA_CR,ARQ_SES_USR_ID_CR,ARQ_SES_FECHA_MD,ARQ_SES_USR_ID_MD) values ('135','1','null','0:0:0:0:0:0:0:1','0:0:0:0:0:0:0:1',to_date('05/09/20','DD/MM/RR'),to_date('05/09/20','DD/MM/RR'),null,'I',to_date('05/09/20','DD/MM/RR'),'1',to_date('05/09/20','DD/MM/RR'),'1');
Insert into VALID.ARQ_SESION (ARQ_SES_ID,ARQ_SES_ARQ_USR_ID,ARQ_SES_TIPO_ACCESO,ARQ_SES_IP,ARQ_SES_MAC,ARQ_SES_FECHA_ACCESO,ARQ_SES_FECHA_CIERRE,ARQ_SES_OBSERVACION,ARQ_SES_ESTADO,ARQ_SES_FECHA_CR,ARQ_SES_USR_ID_CR,ARQ_SES_FECHA_MD,ARQ_SES_USR_ID_MD) values ('136','4','null','0:0:0:0:0:0:0:1','0:0:0:0:0:0:0:1',to_date('05/09/20','DD/MM/RR'),to_date('05/09/20','DD/MM/RR'),null,'I',to_date('05/09/20','DD/MM/RR'),'4',to_date('05/09/20','DD/MM/RR'),'4');
Insert into VALID.ARQ_SESION (ARQ_SES_ID,ARQ_SES_ARQ_USR_ID,ARQ_SES_TIPO_ACCESO,ARQ_SES_IP,ARQ_SES_MAC,ARQ_SES_FECHA_ACCESO,ARQ_SES_FECHA_CIERRE,ARQ_SES_OBSERVACION,ARQ_SES_ESTADO,ARQ_SES_FECHA_CR,ARQ_SES_USR_ID_CR,ARQ_SES_FECHA_MD,ARQ_SES_USR_ID_MD) values ('137','1','null','0:0:0:0:0:0:0:1','0:0:0:0:0:0:0:1',to_date('05/09/20','DD/MM/RR'),to_date('05/09/20','DD/MM/RR'),null,'I',to_date('05/09/20','DD/MM/RR'),'1',to_date('05/09/20','DD/MM/RR'),'1');
Insert into VALID.ARQ_SESION (ARQ_SES_ID,ARQ_SES_ARQ_USR_ID,ARQ_SES_TIPO_ACCESO,ARQ_SES_IP,ARQ_SES_MAC,ARQ_SES_FECHA_ACCESO,ARQ_SES_FECHA_CIERRE,ARQ_SES_OBSERVACION,ARQ_SES_ESTADO,ARQ_SES_FECHA_CR,ARQ_SES_USR_ID_CR,ARQ_SES_FECHA_MD,ARQ_SES_USR_ID_MD) values ('138','4','null','0:0:0:0:0:0:0:1','0:0:0:0:0:0:0:1',to_date('05/09/20','DD/MM/RR'),to_date('05/09/20','DD/MM/RR'),null,'I',to_date('05/09/20','DD/MM/RR'),'4',to_date('05/09/20','DD/MM/RR'),'4');
Insert into VALID.ARQ_SESION (ARQ_SES_ID,ARQ_SES_ARQ_USR_ID,ARQ_SES_TIPO_ACCESO,ARQ_SES_IP,ARQ_SES_MAC,ARQ_SES_FECHA_ACCESO,ARQ_SES_FECHA_CIERRE,ARQ_SES_OBSERVACION,ARQ_SES_ESTADO,ARQ_SES_FECHA_CR,ARQ_SES_USR_ID_CR,ARQ_SES_FECHA_MD,ARQ_SES_USR_ID_MD) values ('139','4','null','0:0:0:0:0:0:0:1','0:0:0:0:0:0:0:1',to_date('05/09/20','DD/MM/RR'),to_date('05/09/20','DD/MM/RR'),null,'I',to_date('05/09/20','DD/MM/RR'),'4',to_date('05/09/20','DD/MM/RR'),'4');
Insert into VALID.ARQ_SESION (ARQ_SES_ID,ARQ_SES_ARQ_USR_ID,ARQ_SES_TIPO_ACCESO,ARQ_SES_IP,ARQ_SES_MAC,ARQ_SES_FECHA_ACCESO,ARQ_SES_FECHA_CIERRE,ARQ_SES_OBSERVACION,ARQ_SES_ESTADO,ARQ_SES_FECHA_CR,ARQ_SES_USR_ID_CR,ARQ_SES_FECHA_MD,ARQ_SES_USR_ID_MD) values ('140','1','null','0:0:0:0:0:0:0:1','0:0:0:0:0:0:0:1',to_date('05/09/20','DD/MM/RR'),to_date('05/09/20','DD/MM/RR'),null,'I',to_date('05/09/20','DD/MM/RR'),'1',to_date('05/09/20','DD/MM/RR'),'1');
Insert into VALID.ARQ_SESION (ARQ_SES_ID,ARQ_SES_ARQ_USR_ID,ARQ_SES_TIPO_ACCESO,ARQ_SES_IP,ARQ_SES_MAC,ARQ_SES_FECHA_ACCESO,ARQ_SES_FECHA_CIERRE,ARQ_SES_OBSERVACION,ARQ_SES_ESTADO,ARQ_SES_FECHA_CR,ARQ_SES_USR_ID_CR,ARQ_SES_FECHA_MD,ARQ_SES_USR_ID_MD) values ('141','4','null','0:0:0:0:0:0:0:1','0:0:0:0:0:0:0:1',to_date('05/09/20','DD/MM/RR'),to_date('05/09/20','DD/MM/RR'),null,'I',to_date('05/09/20','DD/MM/RR'),'4',to_date('05/09/20','DD/MM/RR'),'4');
Insert into VALID.ARQ_SESION (ARQ_SES_ID,ARQ_SES_ARQ_USR_ID,ARQ_SES_TIPO_ACCESO,ARQ_SES_IP,ARQ_SES_MAC,ARQ_SES_FECHA_ACCESO,ARQ_SES_FECHA_CIERRE,ARQ_SES_OBSERVACION,ARQ_SES_ESTADO,ARQ_SES_FECHA_CR,ARQ_SES_USR_ID_CR,ARQ_SES_FECHA_MD,ARQ_SES_USR_ID_MD) values ('142','4','null','0:0:0:0:0:0:0:1','0:0:0:0:0:0:0:1',to_date('05/09/20','DD/MM/RR'),to_date('05/09/20','DD/MM/RR'),null,'I',to_date('05/09/20','DD/MM/RR'),'4',to_date('05/09/20','DD/MM/RR'),'4');
Insert into VALID.ARQ_SESION (ARQ_SES_ID,ARQ_SES_ARQ_USR_ID,ARQ_SES_TIPO_ACCESO,ARQ_SES_IP,ARQ_SES_MAC,ARQ_SES_FECHA_ACCESO,ARQ_SES_FECHA_CIERRE,ARQ_SES_OBSERVACION,ARQ_SES_ESTADO,ARQ_SES_FECHA_CR,ARQ_SES_USR_ID_CR,ARQ_SES_FECHA_MD,ARQ_SES_USR_ID_MD) values ('143','1','null','0:0:0:0:0:0:0:1','0:0:0:0:0:0:0:1',to_date('05/09/20','DD/MM/RR'),to_date('05/09/20','DD/MM/RR'),null,'I',to_date('05/09/20','DD/MM/RR'),'1',to_date('05/09/20','DD/MM/RR'),'1');
Insert into VALID.ARQ_SESION (ARQ_SES_ID,ARQ_SES_ARQ_USR_ID,ARQ_SES_TIPO_ACCESO,ARQ_SES_IP,ARQ_SES_MAC,ARQ_SES_FECHA_ACCESO,ARQ_SES_FECHA_CIERRE,ARQ_SES_OBSERVACION,ARQ_SES_ESTADO,ARQ_SES_FECHA_CR,ARQ_SES_USR_ID_CR,ARQ_SES_FECHA_MD,ARQ_SES_USR_ID_MD) values ('144','4','null','0:0:0:0:0:0:0:1','0:0:0:0:0:0:0:1',to_date('05/09/20','DD/MM/RR'),to_date('05/09/20','DD/MM/RR'),null,'I',to_date('05/09/20','DD/MM/RR'),'4',to_date('05/09/20','DD/MM/RR'),'4');
Insert into VALID.ARQ_SESION (ARQ_SES_ID,ARQ_SES_ARQ_USR_ID,ARQ_SES_TIPO_ACCESO,ARQ_SES_IP,ARQ_SES_MAC,ARQ_SES_FECHA_ACCESO,ARQ_SES_FECHA_CIERRE,ARQ_SES_OBSERVACION,ARQ_SES_ESTADO,ARQ_SES_FECHA_CR,ARQ_SES_USR_ID_CR,ARQ_SES_FECHA_MD,ARQ_SES_USR_ID_MD) values ('145','1','null','0:0:0:0:0:0:0:1','0:0:0:0:0:0:0:1',to_date('05/09/20','DD/MM/RR'),to_date('05/09/20','DD/MM/RR'),null,'I',to_date('05/09/20','DD/MM/RR'),'1',to_date('05/09/20','DD/MM/RR'),'1');
Insert into VALID.ARQ_SESION (ARQ_SES_ID,ARQ_SES_ARQ_USR_ID,ARQ_SES_TIPO_ACCESO,ARQ_SES_IP,ARQ_SES_MAC,ARQ_SES_FECHA_ACCESO,ARQ_SES_FECHA_CIERRE,ARQ_SES_OBSERVACION,ARQ_SES_ESTADO,ARQ_SES_FECHA_CR,ARQ_SES_USR_ID_CR,ARQ_SES_FECHA_MD,ARQ_SES_USR_ID_MD) values ('151','1','null','0:0:0:0:0:0:0:1','0:0:0:0:0:0:0:1',to_date('05/09/20','DD/MM/RR'),to_date('05/09/20','DD/MM/RR'),null,'I',to_date('05/09/20','DD/MM/RR'),'1',to_date('05/09/20','DD/MM/RR'),'1');
Insert into VALID.ARQ_SESION (ARQ_SES_ID,ARQ_SES_ARQ_USR_ID,ARQ_SES_TIPO_ACCESO,ARQ_SES_IP,ARQ_SES_MAC,ARQ_SES_FECHA_ACCESO,ARQ_SES_FECHA_CIERRE,ARQ_SES_OBSERVACION,ARQ_SES_ESTADO,ARQ_SES_FECHA_CR,ARQ_SES_USR_ID_CR,ARQ_SES_FECHA_MD,ARQ_SES_USR_ID_MD) values ('152','1','null','0:0:0:0:0:0:0:1','0:0:0:0:0:0:0:1',to_date('05/09/20','DD/MM/RR'),to_date('05/09/20','DD/MM/RR'),null,'I',to_date('05/09/20','DD/MM/RR'),'1',to_date('05/09/20','DD/MM/RR'),'1');
Insert into VALID.ARQ_SESION (ARQ_SES_ID,ARQ_SES_ARQ_USR_ID,ARQ_SES_TIPO_ACCESO,ARQ_SES_IP,ARQ_SES_MAC,ARQ_SES_FECHA_ACCESO,ARQ_SES_FECHA_CIERRE,ARQ_SES_OBSERVACION,ARQ_SES_ESTADO,ARQ_SES_FECHA_CR,ARQ_SES_USR_ID_CR,ARQ_SES_FECHA_MD,ARQ_SES_USR_ID_MD) values ('153','1','null','0:0:0:0:0:0:0:1','0:0:0:0:0:0:0:1',to_date('05/09/20','DD/MM/RR'),to_date('05/09/20','DD/MM/RR'),null,'I',to_date('05/09/20','DD/MM/RR'),'1',to_date('05/09/20','DD/MM/RR'),'1');
Insert into VALID.ARQ_SESION (ARQ_SES_ID,ARQ_SES_ARQ_USR_ID,ARQ_SES_TIPO_ACCESO,ARQ_SES_IP,ARQ_SES_MAC,ARQ_SES_FECHA_ACCESO,ARQ_SES_FECHA_CIERRE,ARQ_SES_OBSERVACION,ARQ_SES_ESTADO,ARQ_SES_FECHA_CR,ARQ_SES_USR_ID_CR,ARQ_SES_FECHA_MD,ARQ_SES_USR_ID_MD) values ('154','1','null','0:0:0:0:0:0:0:1','0:0:0:0:0:0:0:1',to_date('05/09/20','DD/MM/RR'),to_date('05/09/20','DD/MM/RR'),null,'I',to_date('05/09/20','DD/MM/RR'),'1',to_date('05/09/20','DD/MM/RR'),'1');
Insert into VALID.ARQ_SESION (ARQ_SES_ID,ARQ_SES_ARQ_USR_ID,ARQ_SES_TIPO_ACCESO,ARQ_SES_IP,ARQ_SES_MAC,ARQ_SES_FECHA_ACCESO,ARQ_SES_FECHA_CIERRE,ARQ_SES_OBSERVACION,ARQ_SES_ESTADO,ARQ_SES_FECHA_CR,ARQ_SES_USR_ID_CR,ARQ_SES_FECHA_MD,ARQ_SES_USR_ID_MD) values ('155','1','null','0:0:0:0:0:0:0:1','0:0:0:0:0:0:0:1',to_date('05/09/20','DD/MM/RR'),to_date('05/09/20','DD/MM/RR'),null,'I',to_date('05/09/20','DD/MM/RR'),'1',to_date('05/09/20','DD/MM/RR'),'1');
Insert into VALID.ARQ_SESION (ARQ_SES_ID,ARQ_SES_ARQ_USR_ID,ARQ_SES_TIPO_ACCESO,ARQ_SES_IP,ARQ_SES_MAC,ARQ_SES_FECHA_ACCESO,ARQ_SES_FECHA_CIERRE,ARQ_SES_OBSERVACION,ARQ_SES_ESTADO,ARQ_SES_FECHA_CR,ARQ_SES_USR_ID_CR,ARQ_SES_FECHA_MD,ARQ_SES_USR_ID_MD) values ('156','1','null','0:0:0:0:0:0:0:1','0:0:0:0:0:0:0:1',to_date('05/09/20','DD/MM/RR'),to_date('05/09/20','DD/MM/RR'),null,'I',to_date('05/09/20','DD/MM/RR'),'1',to_date('05/09/20','DD/MM/RR'),'1');
Insert into VALID.ARQ_SESION (ARQ_SES_ID,ARQ_SES_ARQ_USR_ID,ARQ_SES_TIPO_ACCESO,ARQ_SES_IP,ARQ_SES_MAC,ARQ_SES_FECHA_ACCESO,ARQ_SES_FECHA_CIERRE,ARQ_SES_OBSERVACION,ARQ_SES_ESTADO,ARQ_SES_FECHA_CR,ARQ_SES_USR_ID_CR,ARQ_SES_FECHA_MD,ARQ_SES_USR_ID_MD) values ('157','1','null','0:0:0:0:0:0:0:1','0:0:0:0:0:0:0:1',to_date('05/09/20','DD/MM/RR'),to_date('05/09/20','DD/MM/RR'),null,'I',to_date('05/09/20','DD/MM/RR'),'1',to_date('05/09/20','DD/MM/RR'),'1');
Insert into VALID.ARQ_SESION (ARQ_SES_ID,ARQ_SES_ARQ_USR_ID,ARQ_SES_TIPO_ACCESO,ARQ_SES_IP,ARQ_SES_MAC,ARQ_SES_FECHA_ACCESO,ARQ_SES_FECHA_CIERRE,ARQ_SES_OBSERVACION,ARQ_SES_ESTADO,ARQ_SES_FECHA_CR,ARQ_SES_USR_ID_CR,ARQ_SES_FECHA_MD,ARQ_SES_USR_ID_MD) values ('181','1','null','0:0:0:0:0:0:0:1','0:0:0:0:0:0:0:1',to_date('05/09/20','DD/MM/RR'),to_date('05/09/20','DD/MM/RR'),null,'I',to_date('05/09/20','DD/MM/RR'),'1',to_date('05/09/20','DD/MM/RR'),'1');
Insert into VALID.ARQ_SESION (ARQ_SES_ID,ARQ_SES_ARQ_USR_ID,ARQ_SES_TIPO_ACCESO,ARQ_SES_IP,ARQ_SES_MAC,ARQ_SES_FECHA_ACCESO,ARQ_SES_FECHA_CIERRE,ARQ_SES_OBSERVACION,ARQ_SES_ESTADO,ARQ_SES_FECHA_CR,ARQ_SES_USR_ID_CR,ARQ_SES_FECHA_MD,ARQ_SES_USR_ID_MD) values ('182','1','null','0:0:0:0:0:0:0:1','0:0:0:0:0:0:0:1',to_date('05/09/20','DD/MM/RR'),to_date('05/09/20','DD/MM/RR'),null,'I',to_date('05/09/20','DD/MM/RR'),'1',to_date('05/09/20','DD/MM/RR'),'1');
Insert into VALID.ARQ_SESION (ARQ_SES_ID,ARQ_SES_ARQ_USR_ID,ARQ_SES_TIPO_ACCESO,ARQ_SES_IP,ARQ_SES_MAC,ARQ_SES_FECHA_ACCESO,ARQ_SES_FECHA_CIERRE,ARQ_SES_OBSERVACION,ARQ_SES_ESTADO,ARQ_SES_FECHA_CR,ARQ_SES_USR_ID_CR,ARQ_SES_FECHA_MD,ARQ_SES_USR_ID_MD) values ('184','1','null','0:0:0:0:0:0:0:1','0:0:0:0:0:0:0:1',to_date('06/09/20','DD/MM/RR'),to_date('06/09/20','DD/MM/RR'),null,'I',to_date('06/09/20','DD/MM/RR'),'1',to_date('06/09/20','DD/MM/RR'),'1');
Insert into VALID.ARQ_SESION (ARQ_SES_ID,ARQ_SES_ARQ_USR_ID,ARQ_SES_TIPO_ACCESO,ARQ_SES_IP,ARQ_SES_MAC,ARQ_SES_FECHA_ACCESO,ARQ_SES_FECHA_CIERRE,ARQ_SES_OBSERVACION,ARQ_SES_ESTADO,ARQ_SES_FECHA_CR,ARQ_SES_USR_ID_CR,ARQ_SES_FECHA_MD,ARQ_SES_USR_ID_MD) values ('185','1','null','0:0:0:0:0:0:0:1','0:0:0:0:0:0:0:1',to_date('06/09/20','DD/MM/RR'),to_date('06/09/20','DD/MM/RR'),null,'I',to_date('06/09/20','DD/MM/RR'),'1',to_date('06/09/20','DD/MM/RR'),'1');
Insert into VALID.ARQ_SESION (ARQ_SES_ID,ARQ_SES_ARQ_USR_ID,ARQ_SES_TIPO_ACCESO,ARQ_SES_IP,ARQ_SES_MAC,ARQ_SES_FECHA_ACCESO,ARQ_SES_FECHA_CIERRE,ARQ_SES_OBSERVACION,ARQ_SES_ESTADO,ARQ_SES_FECHA_CR,ARQ_SES_USR_ID_CR,ARQ_SES_FECHA_MD,ARQ_SES_USR_ID_MD) values ('186','1','null','0:0:0:0:0:0:0:1','0:0:0:0:0:0:0:1',to_date('06/09/20','DD/MM/RR'),to_date('06/09/20','DD/MM/RR'),null,'I',to_date('06/09/20','DD/MM/RR'),'1',to_date('06/09/20','DD/MM/RR'),'1');
Insert into VALID.ARQ_SESION (ARQ_SES_ID,ARQ_SES_ARQ_USR_ID,ARQ_SES_TIPO_ACCESO,ARQ_SES_IP,ARQ_SES_MAC,ARQ_SES_FECHA_ACCESO,ARQ_SES_FECHA_CIERRE,ARQ_SES_OBSERVACION,ARQ_SES_ESTADO,ARQ_SES_FECHA_CR,ARQ_SES_USR_ID_CR,ARQ_SES_FECHA_MD,ARQ_SES_USR_ID_MD) values ('203','1','null','0:0:0:0:0:0:0:1','0:0:0:0:0:0:0:1',to_date('06/09/20','DD/MM/RR'),to_date('06/09/20','DD/MM/RR'),null,'I',to_date('06/09/20','DD/MM/RR'),'1',to_date('06/09/20','DD/MM/RR'),'1');
Insert into VALID.ARQ_SESION (ARQ_SES_ID,ARQ_SES_ARQ_USR_ID,ARQ_SES_TIPO_ACCESO,ARQ_SES_IP,ARQ_SES_MAC,ARQ_SES_FECHA_ACCESO,ARQ_SES_FECHA_CIERRE,ARQ_SES_OBSERVACION,ARQ_SES_ESTADO,ARQ_SES_FECHA_CR,ARQ_SES_USR_ID_CR,ARQ_SES_FECHA_MD,ARQ_SES_USR_ID_MD) values ('204','1','null','0:0:0:0:0:0:0:1','0:0:0:0:0:0:0:1',to_date('06/09/20','DD/MM/RR'),to_date('06/09/20','DD/MM/RR'),null,'I',to_date('06/09/20','DD/MM/RR'),'1',to_date('06/09/20','DD/MM/RR'),'1');
Insert into VALID.ARQ_SESION (ARQ_SES_ID,ARQ_SES_ARQ_USR_ID,ARQ_SES_TIPO_ACCESO,ARQ_SES_IP,ARQ_SES_MAC,ARQ_SES_FECHA_ACCESO,ARQ_SES_FECHA_CIERRE,ARQ_SES_OBSERVACION,ARQ_SES_ESTADO,ARQ_SES_FECHA_CR,ARQ_SES_USR_ID_CR,ARQ_SES_FECHA_MD,ARQ_SES_USR_ID_MD) values ('205','1','null','0:0:0:0:0:0:0:1','0:0:0:0:0:0:0:1',to_date('06/09/20','DD/MM/RR'),to_date('06/09/20','DD/MM/RR'),null,'I',to_date('06/09/20','DD/MM/RR'),'1',to_date('06/09/20','DD/MM/RR'),'1');
Insert into VALID.ARQ_SESION (ARQ_SES_ID,ARQ_SES_ARQ_USR_ID,ARQ_SES_TIPO_ACCESO,ARQ_SES_IP,ARQ_SES_MAC,ARQ_SES_FECHA_ACCESO,ARQ_SES_FECHA_CIERRE,ARQ_SES_OBSERVACION,ARQ_SES_ESTADO,ARQ_SES_FECHA_CR,ARQ_SES_USR_ID_CR,ARQ_SES_FECHA_MD,ARQ_SES_USR_ID_MD) values ('206','1','null','0:0:0:0:0:0:0:1','0:0:0:0:0:0:0:1',to_date('06/09/20','DD/MM/RR'),to_date('06/09/20','DD/MM/RR'),null,'I',to_date('06/09/20','DD/MM/RR'),'1',to_date('06/09/20','DD/MM/RR'),'1');
Insert into VALID.ARQ_SESION (ARQ_SES_ID,ARQ_SES_ARQ_USR_ID,ARQ_SES_TIPO_ACCESO,ARQ_SES_IP,ARQ_SES_MAC,ARQ_SES_FECHA_ACCESO,ARQ_SES_FECHA_CIERRE,ARQ_SES_OBSERVACION,ARQ_SES_ESTADO,ARQ_SES_FECHA_CR,ARQ_SES_USR_ID_CR,ARQ_SES_FECHA_MD,ARQ_SES_USR_ID_MD) values ('208','1','null','0:0:0:0:0:0:0:1','0:0:0:0:0:0:0:1',to_date('06/09/20','DD/MM/RR'),to_date('06/09/20','DD/MM/RR'),null,'I',to_date('06/09/20','DD/MM/RR'),'1',to_date('06/09/20','DD/MM/RR'),'1');
Insert into VALID.ARQ_SESION (ARQ_SES_ID,ARQ_SES_ARQ_USR_ID,ARQ_SES_TIPO_ACCESO,ARQ_SES_IP,ARQ_SES_MAC,ARQ_SES_FECHA_ACCESO,ARQ_SES_FECHA_CIERRE,ARQ_SES_OBSERVACION,ARQ_SES_ESTADO,ARQ_SES_FECHA_CR,ARQ_SES_USR_ID_CR,ARQ_SES_FECHA_MD,ARQ_SES_USR_ID_MD) values ('215','1','null','0:0:0:0:0:0:0:1','0:0:0:0:0:0:0:1',to_date('06/09/20','DD/MM/RR'),to_date('06/09/20','DD/MM/RR'),null,'I',to_date('06/09/20','DD/MM/RR'),'1',to_date('06/09/20','DD/MM/RR'),'1');
Insert into VALID.ARQ_SESION (ARQ_SES_ID,ARQ_SES_ARQ_USR_ID,ARQ_SES_TIPO_ACCESO,ARQ_SES_IP,ARQ_SES_MAC,ARQ_SES_FECHA_ACCESO,ARQ_SES_FECHA_CIERRE,ARQ_SES_OBSERVACION,ARQ_SES_ESTADO,ARQ_SES_FECHA_CR,ARQ_SES_USR_ID_CR,ARQ_SES_FECHA_MD,ARQ_SES_USR_ID_MD) values ('218','1','null','0:0:0:0:0:0:0:1','0:0:0:0:0:0:0:1',to_date('06/09/20','DD/MM/RR'),to_date('06/09/20','DD/MM/RR'),null,'I',to_date('06/09/20','DD/MM/RR'),'1',to_date('06/09/20','DD/MM/RR'),'1');
Insert into VALID.ARQ_SESION (ARQ_SES_ID,ARQ_SES_ARQ_USR_ID,ARQ_SES_TIPO_ACCESO,ARQ_SES_IP,ARQ_SES_MAC,ARQ_SES_FECHA_ACCESO,ARQ_SES_FECHA_CIERRE,ARQ_SES_OBSERVACION,ARQ_SES_ESTADO,ARQ_SES_FECHA_CR,ARQ_SES_USR_ID_CR,ARQ_SES_FECHA_MD,ARQ_SES_USR_ID_MD) values ('222','1','null','0:0:0:0:0:0:0:1','0:0:0:0:0:0:0:1',to_date('06/09/20','DD/MM/RR'),to_date('06/09/20','DD/MM/RR'),null,'I',to_date('06/09/20','DD/MM/RR'),'1',to_date('06/09/20','DD/MM/RR'),'1');
Insert into VALID.ARQ_SESION (ARQ_SES_ID,ARQ_SES_ARQ_USR_ID,ARQ_SES_TIPO_ACCESO,ARQ_SES_IP,ARQ_SES_MAC,ARQ_SES_FECHA_ACCESO,ARQ_SES_FECHA_CIERRE,ARQ_SES_OBSERVACION,ARQ_SES_ESTADO,ARQ_SES_FECHA_CR,ARQ_SES_USR_ID_CR,ARQ_SES_FECHA_MD,ARQ_SES_USR_ID_MD) values ('223','1','null','0:0:0:0:0:0:0:1','0:0:0:0:0:0:0:1',to_date('06/09/20','DD/MM/RR'),to_date('06/09/20','DD/MM/RR'),null,'I',to_date('06/09/20','DD/MM/RR'),'1',to_date('06/09/20','DD/MM/RR'),'1');
Insert into VALID.ARQ_SESION (ARQ_SES_ID,ARQ_SES_ARQ_USR_ID,ARQ_SES_TIPO_ACCESO,ARQ_SES_IP,ARQ_SES_MAC,ARQ_SES_FECHA_ACCESO,ARQ_SES_FECHA_CIERRE,ARQ_SES_OBSERVACION,ARQ_SES_ESTADO,ARQ_SES_FECHA_CR,ARQ_SES_USR_ID_CR,ARQ_SES_FECHA_MD,ARQ_SES_USR_ID_MD) values ('224','1','null','0:0:0:0:0:0:0:1','0:0:0:0:0:0:0:1',to_date('06/09/20','DD/MM/RR'),to_date('06/09/20','DD/MM/RR'),null,'I',to_date('06/09/20','DD/MM/RR'),'1',to_date('06/09/20','DD/MM/RR'),'1');
Insert into VALID.ARQ_SESION (ARQ_SES_ID,ARQ_SES_ARQ_USR_ID,ARQ_SES_TIPO_ACCESO,ARQ_SES_IP,ARQ_SES_MAC,ARQ_SES_FECHA_ACCESO,ARQ_SES_FECHA_CIERRE,ARQ_SES_OBSERVACION,ARQ_SES_ESTADO,ARQ_SES_FECHA_CR,ARQ_SES_USR_ID_CR,ARQ_SES_FECHA_MD,ARQ_SES_USR_ID_MD) values ('225','1','null','0:0:0:0:0:0:0:1','0:0:0:0:0:0:0:1',to_date('06/09/20','DD/MM/RR'),to_date('06/09/20','DD/MM/RR'),null,'I',to_date('06/09/20','DD/MM/RR'),'1',to_date('06/09/20','DD/MM/RR'),'1');
Insert into VALID.ARQ_SESION (ARQ_SES_ID,ARQ_SES_ARQ_USR_ID,ARQ_SES_TIPO_ACCESO,ARQ_SES_IP,ARQ_SES_MAC,ARQ_SES_FECHA_ACCESO,ARQ_SES_FECHA_CIERRE,ARQ_SES_OBSERVACION,ARQ_SES_ESTADO,ARQ_SES_FECHA_CR,ARQ_SES_USR_ID_CR,ARQ_SES_FECHA_MD,ARQ_SES_USR_ID_MD) values ('226','1','null','0:0:0:0:0:0:0:1','0:0:0:0:0:0:0:1',to_date('06/09/20','DD/MM/RR'),to_date('06/09/20','DD/MM/RR'),null,'I',to_date('06/09/20','DD/MM/RR'),'1',to_date('06/09/20','DD/MM/RR'),'1');
Insert into VALID.ARQ_SESION (ARQ_SES_ID,ARQ_SES_ARQ_USR_ID,ARQ_SES_TIPO_ACCESO,ARQ_SES_IP,ARQ_SES_MAC,ARQ_SES_FECHA_ACCESO,ARQ_SES_FECHA_CIERRE,ARQ_SES_OBSERVACION,ARQ_SES_ESTADO,ARQ_SES_FECHA_CR,ARQ_SES_USR_ID_CR,ARQ_SES_FECHA_MD,ARQ_SES_USR_ID_MD) values ('228','1','null','0:0:0:0:0:0:0:1','0:0:0:0:0:0:0:1',to_date('06/09/20','DD/MM/RR'),to_date('06/09/20','DD/MM/RR'),null,'I',to_date('06/09/20','DD/MM/RR'),'1',to_date('06/09/20','DD/MM/RR'),'1');
Insert into VALID.ARQ_SESION (ARQ_SES_ID,ARQ_SES_ARQ_USR_ID,ARQ_SES_TIPO_ACCESO,ARQ_SES_IP,ARQ_SES_MAC,ARQ_SES_FECHA_ACCESO,ARQ_SES_FECHA_CIERRE,ARQ_SES_OBSERVACION,ARQ_SES_ESTADO,ARQ_SES_FECHA_CR,ARQ_SES_USR_ID_CR,ARQ_SES_FECHA_MD,ARQ_SES_USR_ID_MD) values ('230','1','null','0:0:0:0:0:0:0:1','0:0:0:0:0:0:0:1',to_date('06/09/20','DD/MM/RR'),to_date('06/09/20','DD/MM/RR'),null,'I',to_date('06/09/20','DD/MM/RR'),'1',to_date('06/09/20','DD/MM/RR'),'1');
Insert into VALID.ARQ_SESION (ARQ_SES_ID,ARQ_SES_ARQ_USR_ID,ARQ_SES_TIPO_ACCESO,ARQ_SES_IP,ARQ_SES_MAC,ARQ_SES_FECHA_ACCESO,ARQ_SES_FECHA_CIERRE,ARQ_SES_OBSERVACION,ARQ_SES_ESTADO,ARQ_SES_FECHA_CR,ARQ_SES_USR_ID_CR,ARQ_SES_FECHA_MD,ARQ_SES_USR_ID_MD) values ('231','1','null','0:0:0:0:0:0:0:1','0:0:0:0:0:0:0:1',to_date('06/09/20','DD/MM/RR'),to_date('06/09/20','DD/MM/RR'),null,'I',to_date('06/09/20','DD/MM/RR'),'1',to_date('06/09/20','DD/MM/RR'),'1');
Insert into VALID.ARQ_SESION (ARQ_SES_ID,ARQ_SES_ARQ_USR_ID,ARQ_SES_TIPO_ACCESO,ARQ_SES_IP,ARQ_SES_MAC,ARQ_SES_FECHA_ACCESO,ARQ_SES_FECHA_CIERRE,ARQ_SES_OBSERVACION,ARQ_SES_ESTADO,ARQ_SES_FECHA_CR,ARQ_SES_USR_ID_CR,ARQ_SES_FECHA_MD,ARQ_SES_USR_ID_MD) values ('232','1','null','0:0:0:0:0:0:0:1','0:0:0:0:0:0:0:1',to_date('06/09/20','DD/MM/RR'),to_date('06/09/20','DD/MM/RR'),null,'I',to_date('06/09/20','DD/MM/RR'),'1',to_date('06/09/20','DD/MM/RR'),'1');
Insert into VALID.ARQ_SESION (ARQ_SES_ID,ARQ_SES_ARQ_USR_ID,ARQ_SES_TIPO_ACCESO,ARQ_SES_IP,ARQ_SES_MAC,ARQ_SES_FECHA_ACCESO,ARQ_SES_FECHA_CIERRE,ARQ_SES_OBSERVACION,ARQ_SES_ESTADO,ARQ_SES_FECHA_CR,ARQ_SES_USR_ID_CR,ARQ_SES_FECHA_MD,ARQ_SES_USR_ID_MD) values ('233','1','null','0:0:0:0:0:0:0:1','0:0:0:0:0:0:0:1',to_date('06/09/20','DD/MM/RR'),to_date('06/09/20','DD/MM/RR'),null,'I',to_date('06/09/20','DD/MM/RR'),'1',to_date('06/09/20','DD/MM/RR'),'1');
Insert into VALID.ARQ_SESION (ARQ_SES_ID,ARQ_SES_ARQ_USR_ID,ARQ_SES_TIPO_ACCESO,ARQ_SES_IP,ARQ_SES_MAC,ARQ_SES_FECHA_ACCESO,ARQ_SES_FECHA_CIERRE,ARQ_SES_OBSERVACION,ARQ_SES_ESTADO,ARQ_SES_FECHA_CR,ARQ_SES_USR_ID_CR,ARQ_SES_FECHA_MD,ARQ_SES_USR_ID_MD) values ('252','4','null','0:0:0:0:0:0:0:1','0:0:0:0:0:0:0:1',to_date('06/09/20','DD/MM/RR'),to_date('06/09/20','DD/MM/RR'),null,'I',to_date('06/09/20','DD/MM/RR'),'4',to_date('06/09/20','DD/MM/RR'),'4');
Insert into VALID.ARQ_SESION (ARQ_SES_ID,ARQ_SES_ARQ_USR_ID,ARQ_SES_TIPO_ACCESO,ARQ_SES_IP,ARQ_SES_MAC,ARQ_SES_FECHA_ACCESO,ARQ_SES_FECHA_CIERRE,ARQ_SES_OBSERVACION,ARQ_SES_ESTADO,ARQ_SES_FECHA_CR,ARQ_SES_USR_ID_CR,ARQ_SES_FECHA_MD,ARQ_SES_USR_ID_MD) values ('253','1','null','0:0:0:0:0:0:0:1','0:0:0:0:0:0:0:1',to_date('06/09/20','DD/MM/RR'),to_date('06/09/20','DD/MM/RR'),null,'I',to_date('06/09/20','DD/MM/RR'),'1',to_date('06/09/20','DD/MM/RR'),'1');
Insert into VALID.ARQ_SESION (ARQ_SES_ID,ARQ_SES_ARQ_USR_ID,ARQ_SES_TIPO_ACCESO,ARQ_SES_IP,ARQ_SES_MAC,ARQ_SES_FECHA_ACCESO,ARQ_SES_FECHA_CIERRE,ARQ_SES_OBSERVACION,ARQ_SES_ESTADO,ARQ_SES_FECHA_CR,ARQ_SES_USR_ID_CR,ARQ_SES_FECHA_MD,ARQ_SES_USR_ID_MD) values ('254','4','null','0:0:0:0:0:0:0:1','0:0:0:0:0:0:0:1',to_date('06/09/20','DD/MM/RR'),to_date('06/09/20','DD/MM/RR'),null,'I',to_date('06/09/20','DD/MM/RR'),'4',to_date('06/09/20','DD/MM/RR'),'4');
Insert into VALID.ARQ_SESION (ARQ_SES_ID,ARQ_SES_ARQ_USR_ID,ARQ_SES_TIPO_ACCESO,ARQ_SES_IP,ARQ_SES_MAC,ARQ_SES_FECHA_ACCESO,ARQ_SES_FECHA_CIERRE,ARQ_SES_OBSERVACION,ARQ_SES_ESTADO,ARQ_SES_FECHA_CR,ARQ_SES_USR_ID_CR,ARQ_SES_FECHA_MD,ARQ_SES_USR_ID_MD) values ('255','1','null','0:0:0:0:0:0:0:1','0:0:0:0:0:0:0:1',to_date('06/09/20','DD/MM/RR'),to_date('06/09/20','DD/MM/RR'),null,'I',to_date('06/09/20','DD/MM/RR'),'1',to_date('06/09/20','DD/MM/RR'),'1');
Insert into VALID.ARQ_SESION (ARQ_SES_ID,ARQ_SES_ARQ_USR_ID,ARQ_SES_TIPO_ACCESO,ARQ_SES_IP,ARQ_SES_MAC,ARQ_SES_FECHA_ACCESO,ARQ_SES_FECHA_CIERRE,ARQ_SES_OBSERVACION,ARQ_SES_ESTADO,ARQ_SES_FECHA_CR,ARQ_SES_USR_ID_CR,ARQ_SES_FECHA_MD,ARQ_SES_USR_ID_MD) values ('256','4','null','0:0:0:0:0:0:0:1','0:0:0:0:0:0:0:1',to_date('06/09/20','DD/MM/RR'),to_date('06/09/20','DD/MM/RR'),null,'I',to_date('06/09/20','DD/MM/RR'),'4',to_date('06/09/20','DD/MM/RR'),'4');
Insert into VALID.ARQ_SESION (ARQ_SES_ID,ARQ_SES_ARQ_USR_ID,ARQ_SES_TIPO_ACCESO,ARQ_SES_IP,ARQ_SES_MAC,ARQ_SES_FECHA_ACCESO,ARQ_SES_FECHA_CIERRE,ARQ_SES_OBSERVACION,ARQ_SES_ESTADO,ARQ_SES_FECHA_CR,ARQ_SES_USR_ID_CR,ARQ_SES_FECHA_MD,ARQ_SES_USR_ID_MD) values ('257','1','null','0:0:0:0:0:0:0:1','0:0:0:0:0:0:0:1',to_date('06/09/20','DD/MM/RR'),to_date('06/09/20','DD/MM/RR'),null,'I',to_date('06/09/20','DD/MM/RR'),'1',to_date('06/09/20','DD/MM/RR'),'1');
Insert into VALID.ARQ_SESION (ARQ_SES_ID,ARQ_SES_ARQ_USR_ID,ARQ_SES_TIPO_ACCESO,ARQ_SES_IP,ARQ_SES_MAC,ARQ_SES_FECHA_ACCESO,ARQ_SES_FECHA_CIERRE,ARQ_SES_OBSERVACION,ARQ_SES_ESTADO,ARQ_SES_FECHA_CR,ARQ_SES_USR_ID_CR,ARQ_SES_FECHA_MD,ARQ_SES_USR_ID_MD) values ('258','4','null','0:0:0:0:0:0:0:1','0:0:0:0:0:0:0:1',to_date('06/09/20','DD/MM/RR'),to_date('06/09/20','DD/MM/RR'),null,'I',to_date('06/09/20','DD/MM/RR'),'4',to_date('06/09/20','DD/MM/RR'),'4');
Insert into VALID.ARQ_SESION (ARQ_SES_ID,ARQ_SES_ARQ_USR_ID,ARQ_SES_TIPO_ACCESO,ARQ_SES_IP,ARQ_SES_MAC,ARQ_SES_FECHA_ACCESO,ARQ_SES_FECHA_CIERRE,ARQ_SES_OBSERVACION,ARQ_SES_ESTADO,ARQ_SES_FECHA_CR,ARQ_SES_USR_ID_CR,ARQ_SES_FECHA_MD,ARQ_SES_USR_ID_MD) values ('259','1','null','0:0:0:0:0:0:0:1','0:0:0:0:0:0:0:1',to_date('06/09/20','DD/MM/RR'),to_date('07/09/20','DD/MM/RR'),null,'I',to_date('06/09/20','DD/MM/RR'),'1',to_date('07/09/20','DD/MM/RR'),'1');
Insert into VALID.ARQ_SESION (ARQ_SES_ID,ARQ_SES_ARQ_USR_ID,ARQ_SES_TIPO_ACCESO,ARQ_SES_IP,ARQ_SES_MAC,ARQ_SES_FECHA_ACCESO,ARQ_SES_FECHA_CIERRE,ARQ_SES_OBSERVACION,ARQ_SES_ESTADO,ARQ_SES_FECHA_CR,ARQ_SES_USR_ID_CR,ARQ_SES_FECHA_MD,ARQ_SES_USR_ID_MD) values ('260','4','null','0:0:0:0:0:0:0:1','0:0:0:0:0:0:0:1',to_date('07/09/20','DD/MM/RR'),null,null,'A',to_date('07/09/20','DD/MM/RR'),'4',to_date('07/09/20','DD/MM/RR'),'4');
Insert into VALID.ARQ_SESION (ARQ_SES_ID,ARQ_SES_ARQ_USR_ID,ARQ_SES_TIPO_ACCESO,ARQ_SES_IP,ARQ_SES_MAC,ARQ_SES_FECHA_ACCESO,ARQ_SES_FECHA_CIERRE,ARQ_SES_OBSERVACION,ARQ_SES_ESTADO,ARQ_SES_FECHA_CR,ARQ_SES_USR_ID_CR,ARQ_SES_FECHA_MD,ARQ_SES_USR_ID_MD) values ('98','4','null','0:0:0:0:0:0:0:1','0:0:0:0:0:0:0:1',to_date('05/09/20','DD/MM/RR'),to_date('05/09/20','DD/MM/RR'),null,'I',to_date('05/09/20','DD/MM/RR'),'4',to_date('05/09/20','DD/MM/RR'),'4');
Insert into VALID.ARQ_SESION (ARQ_SES_ID,ARQ_SES_ARQ_USR_ID,ARQ_SES_TIPO_ACCESO,ARQ_SES_IP,ARQ_SES_MAC,ARQ_SES_FECHA_ACCESO,ARQ_SES_FECHA_CIERRE,ARQ_SES_OBSERVACION,ARQ_SES_ESTADO,ARQ_SES_FECHA_CR,ARQ_SES_USR_ID_CR,ARQ_SES_FECHA_MD,ARQ_SES_USR_ID_MD) values ('99','4','null','0:0:0:0:0:0:0:1','0:0:0:0:0:0:0:1',to_date('05/09/20','DD/MM/RR'),to_date('05/09/20','DD/MM/RR'),null,'I',to_date('05/09/20','DD/MM/RR'),'4',to_date('05/09/20','DD/MM/RR'),'4');
Insert into VALID.ARQ_SESION (ARQ_SES_ID,ARQ_SES_ARQ_USR_ID,ARQ_SES_TIPO_ACCESO,ARQ_SES_IP,ARQ_SES_MAC,ARQ_SES_FECHA_ACCESO,ARQ_SES_FECHA_CIERRE,ARQ_SES_OBSERVACION,ARQ_SES_ESTADO,ARQ_SES_FECHA_CR,ARQ_SES_USR_ID_CR,ARQ_SES_FECHA_MD,ARQ_SES_USR_ID_MD) values ('100','1','null','0:0:0:0:0:0:0:1','0:0:0:0:0:0:0:1',to_date('05/09/20','DD/MM/RR'),to_date('05/09/20','DD/MM/RR'),null,'I',to_date('05/09/20','DD/MM/RR'),'1',to_date('05/09/20','DD/MM/RR'),'1');
Insert into VALID.ARQ_SESION (ARQ_SES_ID,ARQ_SES_ARQ_USR_ID,ARQ_SES_TIPO_ACCESO,ARQ_SES_IP,ARQ_SES_MAC,ARQ_SES_FECHA_ACCESO,ARQ_SES_FECHA_CIERRE,ARQ_SES_OBSERVACION,ARQ_SES_ESTADO,ARQ_SES_FECHA_CR,ARQ_SES_USR_ID_CR,ARQ_SES_FECHA_MD,ARQ_SES_USR_ID_MD) values ('101','4','null','0:0:0:0:0:0:0:1','0:0:0:0:0:0:0:1',to_date('05/09/20','DD/MM/RR'),to_date('05/09/20','DD/MM/RR'),null,'I',to_date('05/09/20','DD/MM/RR'),'4',to_date('05/09/20','DD/MM/RR'),'4');
Insert into VALID.ARQ_SESION (ARQ_SES_ID,ARQ_SES_ARQ_USR_ID,ARQ_SES_TIPO_ACCESO,ARQ_SES_IP,ARQ_SES_MAC,ARQ_SES_FECHA_ACCESO,ARQ_SES_FECHA_CIERRE,ARQ_SES_OBSERVACION,ARQ_SES_ESTADO,ARQ_SES_FECHA_CR,ARQ_SES_USR_ID_CR,ARQ_SES_FECHA_MD,ARQ_SES_USR_ID_MD) values ('102','4','null','0:0:0:0:0:0:0:1','0:0:0:0:0:0:0:1',to_date('05/09/20','DD/MM/RR'),to_date('05/09/20','DD/MM/RR'),null,'I',to_date('05/09/20','DD/MM/RR'),'4',to_date('05/09/20','DD/MM/RR'),'4');
Insert into VALID.ARQ_SESION (ARQ_SES_ID,ARQ_SES_ARQ_USR_ID,ARQ_SES_TIPO_ACCESO,ARQ_SES_IP,ARQ_SES_MAC,ARQ_SES_FECHA_ACCESO,ARQ_SES_FECHA_CIERRE,ARQ_SES_OBSERVACION,ARQ_SES_ESTADO,ARQ_SES_FECHA_CR,ARQ_SES_USR_ID_CR,ARQ_SES_FECHA_MD,ARQ_SES_USR_ID_MD) values ('103','1','null','0:0:0:0:0:0:0:1','0:0:0:0:0:0:0:1',to_date('05/09/20','DD/MM/RR'),to_date('05/09/20','DD/MM/RR'),null,'I',to_date('05/09/20','DD/MM/RR'),'1',to_date('05/09/20','DD/MM/RR'),'1');
Insert into VALID.ARQ_SESION (ARQ_SES_ID,ARQ_SES_ARQ_USR_ID,ARQ_SES_TIPO_ACCESO,ARQ_SES_IP,ARQ_SES_MAC,ARQ_SES_FECHA_ACCESO,ARQ_SES_FECHA_CIERRE,ARQ_SES_OBSERVACION,ARQ_SES_ESTADO,ARQ_SES_FECHA_CR,ARQ_SES_USR_ID_CR,ARQ_SES_FECHA_MD,ARQ_SES_USR_ID_MD) values ('104','4','null','0:0:0:0:0:0:0:1','0:0:0:0:0:0:0:1',to_date('05/09/20','DD/MM/RR'),to_date('05/09/20','DD/MM/RR'),null,'I',to_date('05/09/20','DD/MM/RR'),'4',to_date('05/09/20','DD/MM/RR'),'4');
Insert into VALID.ARQ_SESION (ARQ_SES_ID,ARQ_SES_ARQ_USR_ID,ARQ_SES_TIPO_ACCESO,ARQ_SES_IP,ARQ_SES_MAC,ARQ_SES_FECHA_ACCESO,ARQ_SES_FECHA_CIERRE,ARQ_SES_OBSERVACION,ARQ_SES_ESTADO,ARQ_SES_FECHA_CR,ARQ_SES_USR_ID_CR,ARQ_SES_FECHA_MD,ARQ_SES_USR_ID_MD) values ('105','4','null','0:0:0:0:0:0:0:1','0:0:0:0:0:0:0:1',to_date('05/09/20','DD/MM/RR'),to_date('05/09/20','DD/MM/RR'),null,'I',to_date('05/09/20','DD/MM/RR'),'4',to_date('05/09/20','DD/MM/RR'),'4');
Insert into VALID.ARQ_SESION (ARQ_SES_ID,ARQ_SES_ARQ_USR_ID,ARQ_SES_TIPO_ACCESO,ARQ_SES_IP,ARQ_SES_MAC,ARQ_SES_FECHA_ACCESO,ARQ_SES_FECHA_CIERRE,ARQ_SES_OBSERVACION,ARQ_SES_ESTADO,ARQ_SES_FECHA_CR,ARQ_SES_USR_ID_CR,ARQ_SES_FECHA_MD,ARQ_SES_USR_ID_MD) values ('106','1','null','0:0:0:0:0:0:0:1','0:0:0:0:0:0:0:1',to_date('05/09/20','DD/MM/RR'),to_date('05/09/20','DD/MM/RR'),null,'I',to_date('05/09/20','DD/MM/RR'),'1',to_date('05/09/20','DD/MM/RR'),'1');
Insert into VALID.ARQ_SESION (ARQ_SES_ID,ARQ_SES_ARQ_USR_ID,ARQ_SES_TIPO_ACCESO,ARQ_SES_IP,ARQ_SES_MAC,ARQ_SES_FECHA_ACCESO,ARQ_SES_FECHA_CIERRE,ARQ_SES_OBSERVACION,ARQ_SES_ESTADO,ARQ_SES_FECHA_CR,ARQ_SES_USR_ID_CR,ARQ_SES_FECHA_MD,ARQ_SES_USR_ID_MD) values ('107','4','null','0:0:0:0:0:0:0:1','0:0:0:0:0:0:0:1',to_date('05/09/20','DD/MM/RR'),to_date('05/09/20','DD/MM/RR'),null,'I',to_date('05/09/20','DD/MM/RR'),'4',to_date('05/09/20','DD/MM/RR'),'4');
Insert into VALID.ARQ_SESION (ARQ_SES_ID,ARQ_SES_ARQ_USR_ID,ARQ_SES_TIPO_ACCESO,ARQ_SES_IP,ARQ_SES_MAC,ARQ_SES_FECHA_ACCESO,ARQ_SES_FECHA_CIERRE,ARQ_SES_OBSERVACION,ARQ_SES_ESTADO,ARQ_SES_FECHA_CR,ARQ_SES_USR_ID_CR,ARQ_SES_FECHA_MD,ARQ_SES_USR_ID_MD) values ('108','1','null','0:0:0:0:0:0:0:1','0:0:0:0:0:0:0:1',to_date('05/09/20','DD/MM/RR'),to_date('05/09/20','DD/MM/RR'),null,'I',to_date('05/09/20','DD/MM/RR'),'1',to_date('05/09/20','DD/MM/RR'),'1');
Insert into VALID.ARQ_SESION (ARQ_SES_ID,ARQ_SES_ARQ_USR_ID,ARQ_SES_TIPO_ACCESO,ARQ_SES_IP,ARQ_SES_MAC,ARQ_SES_FECHA_ACCESO,ARQ_SES_FECHA_CIERRE,ARQ_SES_OBSERVACION,ARQ_SES_ESTADO,ARQ_SES_FECHA_CR,ARQ_SES_USR_ID_CR,ARQ_SES_FECHA_MD,ARQ_SES_USR_ID_MD) values ('109','4','null','0:0:0:0:0:0:0:1','0:0:0:0:0:0:0:1',to_date('05/09/20','DD/MM/RR'),to_date('05/09/20','DD/MM/RR'),null,'I',to_date('05/09/20','DD/MM/RR'),'4',to_date('05/09/20','DD/MM/RR'),'4');
Insert into VALID.ARQ_SESION (ARQ_SES_ID,ARQ_SES_ARQ_USR_ID,ARQ_SES_TIPO_ACCESO,ARQ_SES_IP,ARQ_SES_MAC,ARQ_SES_FECHA_ACCESO,ARQ_SES_FECHA_CIERRE,ARQ_SES_OBSERVACION,ARQ_SES_ESTADO,ARQ_SES_FECHA_CR,ARQ_SES_USR_ID_CR,ARQ_SES_FECHA_MD,ARQ_SES_USR_ID_MD) values ('146','1','null','0:0:0:0:0:0:0:1','0:0:0:0:0:0:0:1',to_date('05/09/20','DD/MM/RR'),to_date('05/09/20','DD/MM/RR'),null,'I',to_date('05/09/20','DD/MM/RR'),'1',to_date('05/09/20','DD/MM/RR'),'1');
Insert into VALID.ARQ_SESION (ARQ_SES_ID,ARQ_SES_ARQ_USR_ID,ARQ_SES_TIPO_ACCESO,ARQ_SES_IP,ARQ_SES_MAC,ARQ_SES_FECHA_ACCESO,ARQ_SES_FECHA_CIERRE,ARQ_SES_OBSERVACION,ARQ_SES_ESTADO,ARQ_SES_FECHA_CR,ARQ_SES_USR_ID_CR,ARQ_SES_FECHA_MD,ARQ_SES_USR_ID_MD) values ('147','1','null','0:0:0:0:0:0:0:1','0:0:0:0:0:0:0:1',to_date('05/09/20','DD/MM/RR'),to_date('05/09/20','DD/MM/RR'),null,'I',to_date('05/09/20','DD/MM/RR'),'1',to_date('05/09/20','DD/MM/RR'),'1');
Insert into VALID.ARQ_SESION (ARQ_SES_ID,ARQ_SES_ARQ_USR_ID,ARQ_SES_TIPO_ACCESO,ARQ_SES_IP,ARQ_SES_MAC,ARQ_SES_FECHA_ACCESO,ARQ_SES_FECHA_CIERRE,ARQ_SES_OBSERVACION,ARQ_SES_ESTADO,ARQ_SES_FECHA_CR,ARQ_SES_USR_ID_CR,ARQ_SES_FECHA_MD,ARQ_SES_USR_ID_MD) values ('148','1','null','0:0:0:0:0:0:0:1','0:0:0:0:0:0:0:1',to_date('05/09/20','DD/MM/RR'),to_date('05/09/20','DD/MM/RR'),null,'I',to_date('05/09/20','DD/MM/RR'),'1',to_date('05/09/20','DD/MM/RR'),'1');
Insert into VALID.ARQ_SESION (ARQ_SES_ID,ARQ_SES_ARQ_USR_ID,ARQ_SES_TIPO_ACCESO,ARQ_SES_IP,ARQ_SES_MAC,ARQ_SES_FECHA_ACCESO,ARQ_SES_FECHA_CIERRE,ARQ_SES_OBSERVACION,ARQ_SES_ESTADO,ARQ_SES_FECHA_CR,ARQ_SES_USR_ID_CR,ARQ_SES_FECHA_MD,ARQ_SES_USR_ID_MD) values ('149','1','null','0:0:0:0:0:0:0:1','0:0:0:0:0:0:0:1',to_date('05/09/20','DD/MM/RR'),to_date('05/09/20','DD/MM/RR'),null,'I',to_date('05/09/20','DD/MM/RR'),'1',to_date('05/09/20','DD/MM/RR'),'1');
Insert into VALID.ARQ_SESION (ARQ_SES_ID,ARQ_SES_ARQ_USR_ID,ARQ_SES_TIPO_ACCESO,ARQ_SES_IP,ARQ_SES_MAC,ARQ_SES_FECHA_ACCESO,ARQ_SES_FECHA_CIERRE,ARQ_SES_OBSERVACION,ARQ_SES_ESTADO,ARQ_SES_FECHA_CR,ARQ_SES_USR_ID_CR,ARQ_SES_FECHA_MD,ARQ_SES_USR_ID_MD) values ('150','1','null','0:0:0:0:0:0:0:1','0:0:0:0:0:0:0:1',to_date('05/09/20','DD/MM/RR'),to_date('05/09/20','DD/MM/RR'),null,'I',to_date('05/09/20','DD/MM/RR'),'1',to_date('05/09/20','DD/MM/RR'),'1');
Insert into VALID.ARQ_SESION (ARQ_SES_ID,ARQ_SES_ARQ_USR_ID,ARQ_SES_TIPO_ACCESO,ARQ_SES_IP,ARQ_SES_MAC,ARQ_SES_FECHA_ACCESO,ARQ_SES_FECHA_CIERRE,ARQ_SES_OBSERVACION,ARQ_SES_ESTADO,ARQ_SES_FECHA_CR,ARQ_SES_USR_ID_CR,ARQ_SES_FECHA_MD,ARQ_SES_USR_ID_MD) values ('195','1','null','0:0:0:0:0:0:0:1','0:0:0:0:0:0:0:1',to_date('06/09/20','DD/MM/RR'),to_date('06/09/20','DD/MM/RR'),null,'I',to_date('06/09/20','DD/MM/RR'),'1',to_date('06/09/20','DD/MM/RR'),'1');
Insert into VALID.ARQ_SESION (ARQ_SES_ID,ARQ_SES_ARQ_USR_ID,ARQ_SES_TIPO_ACCESO,ARQ_SES_IP,ARQ_SES_MAC,ARQ_SES_FECHA_ACCESO,ARQ_SES_FECHA_CIERRE,ARQ_SES_OBSERVACION,ARQ_SES_ESTADO,ARQ_SES_FECHA_CR,ARQ_SES_USR_ID_CR,ARQ_SES_FECHA_MD,ARQ_SES_USR_ID_MD) values ('227','1','null','0:0:0:0:0:0:0:1','0:0:0:0:0:0:0:1',to_date('06/09/20','DD/MM/RR'),to_date('06/09/20','DD/MM/RR'),null,'I',to_date('06/09/20','DD/MM/RR'),'1',to_date('06/09/20','DD/MM/RR'),'1');
Insert into VALID.ARQ_SESION (ARQ_SES_ID,ARQ_SES_ARQ_USR_ID,ARQ_SES_TIPO_ACCESO,ARQ_SES_IP,ARQ_SES_MAC,ARQ_SES_FECHA_ACCESO,ARQ_SES_FECHA_CIERRE,ARQ_SES_OBSERVACION,ARQ_SES_ESTADO,ARQ_SES_FECHA_CR,ARQ_SES_USR_ID_CR,ARQ_SES_FECHA_MD,ARQ_SES_USR_ID_MD) values ('78','4','null','0:0:0:0:0:0:0:1','0:0:0:0:0:0:0:1',to_date('04/09/20','DD/MM/RR'),to_date('04/09/20','DD/MM/RR'),null,'I',to_date('04/09/20','DD/MM/RR'),'4',to_date('04/09/20','DD/MM/RR'),'4');
Insert into VALID.ARQ_SESION (ARQ_SES_ID,ARQ_SES_ARQ_USR_ID,ARQ_SES_TIPO_ACCESO,ARQ_SES_IP,ARQ_SES_MAC,ARQ_SES_FECHA_ACCESO,ARQ_SES_FECHA_CIERRE,ARQ_SES_OBSERVACION,ARQ_SES_ESTADO,ARQ_SES_FECHA_CR,ARQ_SES_USR_ID_CR,ARQ_SES_FECHA_MD,ARQ_SES_USR_ID_MD) values ('79','1','null','0:0:0:0:0:0:0:1','0:0:0:0:0:0:0:1',to_date('04/09/20','DD/MM/RR'),to_date('04/09/20','DD/MM/RR'),null,'I',to_date('04/09/20','DD/MM/RR'),'1',to_date('04/09/20','DD/MM/RR'),'1');
Insert into VALID.ARQ_SESION (ARQ_SES_ID,ARQ_SES_ARQ_USR_ID,ARQ_SES_TIPO_ACCESO,ARQ_SES_IP,ARQ_SES_MAC,ARQ_SES_FECHA_ACCESO,ARQ_SES_FECHA_CIERRE,ARQ_SES_OBSERVACION,ARQ_SES_ESTADO,ARQ_SES_FECHA_CR,ARQ_SES_USR_ID_CR,ARQ_SES_FECHA_MD,ARQ_SES_USR_ID_MD) values ('80','1','null','0:0:0:0:0:0:0:1','0:0:0:0:0:0:0:1',to_date('04/09/20','DD/MM/RR'),to_date('04/09/20','DD/MM/RR'),null,'I',to_date('04/09/20','DD/MM/RR'),'1',to_date('04/09/20','DD/MM/RR'),'1');
Insert into VALID.ARQ_SESION (ARQ_SES_ID,ARQ_SES_ARQ_USR_ID,ARQ_SES_TIPO_ACCESO,ARQ_SES_IP,ARQ_SES_MAC,ARQ_SES_FECHA_ACCESO,ARQ_SES_FECHA_CIERRE,ARQ_SES_OBSERVACION,ARQ_SES_ESTADO,ARQ_SES_FECHA_CR,ARQ_SES_USR_ID_CR,ARQ_SES_FECHA_MD,ARQ_SES_USR_ID_MD) values ('81','1','null','0:0:0:0:0:0:0:1','0:0:0:0:0:0:0:1',to_date('04/09/20','DD/MM/RR'),to_date('04/09/20','DD/MM/RR'),null,'I',to_date('04/09/20','DD/MM/RR'),'1',to_date('04/09/20','DD/MM/RR'),'1');
Insert into VALID.ARQ_SESION (ARQ_SES_ID,ARQ_SES_ARQ_USR_ID,ARQ_SES_TIPO_ACCESO,ARQ_SES_IP,ARQ_SES_MAC,ARQ_SES_FECHA_ACCESO,ARQ_SES_FECHA_CIERRE,ARQ_SES_OBSERVACION,ARQ_SES_ESTADO,ARQ_SES_FECHA_CR,ARQ_SES_USR_ID_CR,ARQ_SES_FECHA_MD,ARQ_SES_USR_ID_MD) values ('180','1','null','0:0:0:0:0:0:0:1','0:0:0:0:0:0:0:1',to_date('05/09/20','DD/MM/RR'),to_date('05/09/20','DD/MM/RR'),null,'I',to_date('05/09/20','DD/MM/RR'),'1',to_date('05/09/20','DD/MM/RR'),'1');
Insert into VALID.ARQ_SESION (ARQ_SES_ID,ARQ_SES_ARQ_USR_ID,ARQ_SES_TIPO_ACCESO,ARQ_SES_IP,ARQ_SES_MAC,ARQ_SES_FECHA_ACCESO,ARQ_SES_FECHA_CIERRE,ARQ_SES_OBSERVACION,ARQ_SES_ESTADO,ARQ_SES_FECHA_CR,ARQ_SES_USR_ID_CR,ARQ_SES_FECHA_MD,ARQ_SES_USR_ID_MD) values ('187','1','null','0:0:0:0:0:0:0:1','0:0:0:0:0:0:0:1',to_date('06/09/20','DD/MM/RR'),to_date('06/09/20','DD/MM/RR'),null,'I',to_date('06/09/20','DD/MM/RR'),'1',to_date('06/09/20','DD/MM/RR'),'1');
Insert into VALID.ARQ_SESION (ARQ_SES_ID,ARQ_SES_ARQ_USR_ID,ARQ_SES_TIPO_ACCESO,ARQ_SES_IP,ARQ_SES_MAC,ARQ_SES_FECHA_ACCESO,ARQ_SES_FECHA_CIERRE,ARQ_SES_OBSERVACION,ARQ_SES_ESTADO,ARQ_SES_FECHA_CR,ARQ_SES_USR_ID_CR,ARQ_SES_FECHA_MD,ARQ_SES_USR_ID_MD) values ('188','1','null','0:0:0:0:0:0:0:1','0:0:0:0:0:0:0:1',to_date('06/09/20','DD/MM/RR'),to_date('06/09/20','DD/MM/RR'),null,'I',to_date('06/09/20','DD/MM/RR'),'1',to_date('06/09/20','DD/MM/RR'),'1');
Insert into VALID.ARQ_SESION (ARQ_SES_ID,ARQ_SES_ARQ_USR_ID,ARQ_SES_TIPO_ACCESO,ARQ_SES_IP,ARQ_SES_MAC,ARQ_SES_FECHA_ACCESO,ARQ_SES_FECHA_CIERRE,ARQ_SES_OBSERVACION,ARQ_SES_ESTADO,ARQ_SES_FECHA_CR,ARQ_SES_USR_ID_CR,ARQ_SES_FECHA_MD,ARQ_SES_USR_ID_MD) values ('189','1','null','0:0:0:0:0:0:0:1','0:0:0:0:0:0:0:1',to_date('06/09/20','DD/MM/RR'),to_date('06/09/20','DD/MM/RR'),null,'I',to_date('06/09/20','DD/MM/RR'),'1',to_date('06/09/20','DD/MM/RR'),'1');
Insert into VALID.ARQ_SESION (ARQ_SES_ID,ARQ_SES_ARQ_USR_ID,ARQ_SES_TIPO_ACCESO,ARQ_SES_IP,ARQ_SES_MAC,ARQ_SES_FECHA_ACCESO,ARQ_SES_FECHA_CIERRE,ARQ_SES_OBSERVACION,ARQ_SES_ESTADO,ARQ_SES_FECHA_CR,ARQ_SES_USR_ID_CR,ARQ_SES_FECHA_MD,ARQ_SES_USR_ID_MD) values ('190','1','null','0:0:0:0:0:0:0:1','0:0:0:0:0:0:0:1',to_date('06/09/20','DD/MM/RR'),to_date('06/09/20','DD/MM/RR'),null,'I',to_date('06/09/20','DD/MM/RR'),'1',to_date('06/09/20','DD/MM/RR'),'1');
Insert into VALID.ARQ_SESION (ARQ_SES_ID,ARQ_SES_ARQ_USR_ID,ARQ_SES_TIPO_ACCESO,ARQ_SES_IP,ARQ_SES_MAC,ARQ_SES_FECHA_ACCESO,ARQ_SES_FECHA_CIERRE,ARQ_SES_OBSERVACION,ARQ_SES_ESTADO,ARQ_SES_FECHA_CR,ARQ_SES_USR_ID_CR,ARQ_SES_FECHA_MD,ARQ_SES_USR_ID_MD) values ('191','1','null','0:0:0:0:0:0:0:1','0:0:0:0:0:0:0:1',to_date('06/09/20','DD/MM/RR'),to_date('06/09/20','DD/MM/RR'),null,'I',to_date('06/09/20','DD/MM/RR'),'1',to_date('06/09/20','DD/MM/RR'),'1');
Insert into VALID.ARQ_SESION (ARQ_SES_ID,ARQ_SES_ARQ_USR_ID,ARQ_SES_TIPO_ACCESO,ARQ_SES_IP,ARQ_SES_MAC,ARQ_SES_FECHA_ACCESO,ARQ_SES_FECHA_CIERRE,ARQ_SES_OBSERVACION,ARQ_SES_ESTADO,ARQ_SES_FECHA_CR,ARQ_SES_USR_ID_CR,ARQ_SES_FECHA_MD,ARQ_SES_USR_ID_MD) values ('192','1','null','0:0:0:0:0:0:0:1','0:0:0:0:0:0:0:1',to_date('06/09/20','DD/MM/RR'),to_date('06/09/20','DD/MM/RR'),null,'I',to_date('06/09/20','DD/MM/RR'),'1',to_date('06/09/20','DD/MM/RR'),'1');
Insert into VALID.ARQ_SESION (ARQ_SES_ID,ARQ_SES_ARQ_USR_ID,ARQ_SES_TIPO_ACCESO,ARQ_SES_IP,ARQ_SES_MAC,ARQ_SES_FECHA_ACCESO,ARQ_SES_FECHA_CIERRE,ARQ_SES_OBSERVACION,ARQ_SES_ESTADO,ARQ_SES_FECHA_CR,ARQ_SES_USR_ID_CR,ARQ_SES_FECHA_MD,ARQ_SES_USR_ID_MD) values ('193','1','null','0:0:0:0:0:0:0:1','0:0:0:0:0:0:0:1',to_date('06/09/20','DD/MM/RR'),to_date('06/09/20','DD/MM/RR'),null,'I',to_date('06/09/20','DD/MM/RR'),'1',to_date('06/09/20','DD/MM/RR'),'1');
Insert into VALID.ARQ_SESION (ARQ_SES_ID,ARQ_SES_ARQ_USR_ID,ARQ_SES_TIPO_ACCESO,ARQ_SES_IP,ARQ_SES_MAC,ARQ_SES_FECHA_ACCESO,ARQ_SES_FECHA_CIERRE,ARQ_SES_OBSERVACION,ARQ_SES_ESTADO,ARQ_SES_FECHA_CR,ARQ_SES_USR_ID_CR,ARQ_SES_FECHA_MD,ARQ_SES_USR_ID_MD) values ('194','1','null','0:0:0:0:0:0:0:1','0:0:0:0:0:0:0:1',to_date('06/09/20','DD/MM/RR'),to_date('06/09/20','DD/MM/RR'),null,'I',to_date('06/09/20','DD/MM/RR'),'1',to_date('06/09/20','DD/MM/RR'),'1');
Insert into VALID.ARQ_SESION (ARQ_SES_ID,ARQ_SES_ARQ_USR_ID,ARQ_SES_TIPO_ACCESO,ARQ_SES_IP,ARQ_SES_MAC,ARQ_SES_FECHA_ACCESO,ARQ_SES_FECHA_CIERRE,ARQ_SES_OBSERVACION,ARQ_SES_ESTADO,ARQ_SES_FECHA_CR,ARQ_SES_USR_ID_CR,ARQ_SES_FECHA_MD,ARQ_SES_USR_ID_MD) values ('199','1','null','0:0:0:0:0:0:0:1','0:0:0:0:0:0:0:1',to_date('06/09/20','DD/MM/RR'),to_date('06/09/20','DD/MM/RR'),null,'I',to_date('06/09/20','DD/MM/RR'),'1',to_date('06/09/20','DD/MM/RR'),'1');
Insert into VALID.ARQ_SESION (ARQ_SES_ID,ARQ_SES_ARQ_USR_ID,ARQ_SES_TIPO_ACCESO,ARQ_SES_IP,ARQ_SES_MAC,ARQ_SES_FECHA_ACCESO,ARQ_SES_FECHA_CIERRE,ARQ_SES_OBSERVACION,ARQ_SES_ESTADO,ARQ_SES_FECHA_CR,ARQ_SES_USR_ID_CR,ARQ_SES_FECHA_MD,ARQ_SES_USR_ID_MD) values ('200','1','null','0:0:0:0:0:0:0:1','0:0:0:0:0:0:0:1',to_date('06/09/20','DD/MM/RR'),to_date('06/09/20','DD/MM/RR'),null,'I',to_date('06/09/20','DD/MM/RR'),'1',to_date('06/09/20','DD/MM/RR'),'1');
Insert into VALID.ARQ_SESION (ARQ_SES_ID,ARQ_SES_ARQ_USR_ID,ARQ_SES_TIPO_ACCESO,ARQ_SES_IP,ARQ_SES_MAC,ARQ_SES_FECHA_ACCESO,ARQ_SES_FECHA_CIERRE,ARQ_SES_OBSERVACION,ARQ_SES_ESTADO,ARQ_SES_FECHA_CR,ARQ_SES_USR_ID_CR,ARQ_SES_FECHA_MD,ARQ_SES_USR_ID_MD) values ('207','1','null','0:0:0:0:0:0:0:1','0:0:0:0:0:0:0:1',to_date('06/09/20','DD/MM/RR'),to_date('06/09/20','DD/MM/RR'),null,'I',to_date('06/09/20','DD/MM/RR'),'1',to_date('06/09/20','DD/MM/RR'),'1');
Insert into VALID.ARQ_SESION (ARQ_SES_ID,ARQ_SES_ARQ_USR_ID,ARQ_SES_TIPO_ACCESO,ARQ_SES_IP,ARQ_SES_MAC,ARQ_SES_FECHA_ACCESO,ARQ_SES_FECHA_CIERRE,ARQ_SES_OBSERVACION,ARQ_SES_ESTADO,ARQ_SES_FECHA_CR,ARQ_SES_USR_ID_CR,ARQ_SES_FECHA_MD,ARQ_SES_USR_ID_MD) values ('110','4','null','0:0:0:0:0:0:0:1','0:0:0:0:0:0:0:1',to_date('05/09/20','DD/MM/RR'),to_date('05/09/20','DD/MM/RR'),null,'I',to_date('05/09/20','DD/MM/RR'),'4',to_date('05/09/20','DD/MM/RR'),'4');
Insert into VALID.ARQ_SESION (ARQ_SES_ID,ARQ_SES_ARQ_USR_ID,ARQ_SES_TIPO_ACCESO,ARQ_SES_IP,ARQ_SES_MAC,ARQ_SES_FECHA_ACCESO,ARQ_SES_FECHA_CIERRE,ARQ_SES_OBSERVACION,ARQ_SES_ESTADO,ARQ_SES_FECHA_CR,ARQ_SES_USR_ID_CR,ARQ_SES_FECHA_MD,ARQ_SES_USR_ID_MD) values ('111','1','null','0:0:0:0:0:0:0:1','0:0:0:0:0:0:0:1',to_date('05/09/20','DD/MM/RR'),to_date('05/09/20','DD/MM/RR'),null,'I',to_date('05/09/20','DD/MM/RR'),'1',to_date('05/09/20','DD/MM/RR'),'1');
Insert into VALID.ARQ_SESION (ARQ_SES_ID,ARQ_SES_ARQ_USR_ID,ARQ_SES_TIPO_ACCESO,ARQ_SES_IP,ARQ_SES_MAC,ARQ_SES_FECHA_ACCESO,ARQ_SES_FECHA_CIERRE,ARQ_SES_OBSERVACION,ARQ_SES_ESTADO,ARQ_SES_FECHA_CR,ARQ_SES_USR_ID_CR,ARQ_SES_FECHA_MD,ARQ_SES_USR_ID_MD) values ('112','4','null','0:0:0:0:0:0:0:1','0:0:0:0:0:0:0:1',to_date('05/09/20','DD/MM/RR'),to_date('05/09/20','DD/MM/RR'),null,'I',to_date('05/09/20','DD/MM/RR'),'4',to_date('05/09/20','DD/MM/RR'),'4');
Insert into VALID.ARQ_SESION (ARQ_SES_ID,ARQ_SES_ARQ_USR_ID,ARQ_SES_TIPO_ACCESO,ARQ_SES_IP,ARQ_SES_MAC,ARQ_SES_FECHA_ACCESO,ARQ_SES_FECHA_CIERRE,ARQ_SES_OBSERVACION,ARQ_SES_ESTADO,ARQ_SES_FECHA_CR,ARQ_SES_USR_ID_CR,ARQ_SES_FECHA_MD,ARQ_SES_USR_ID_MD) values ('113','1','null','0:0:0:0:0:0:0:1','0:0:0:0:0:0:0:1',to_date('05/09/20','DD/MM/RR'),to_date('05/09/20','DD/MM/RR'),null,'I',to_date('05/09/20','DD/MM/RR'),'1',to_date('05/09/20','DD/MM/RR'),'1');
Insert into VALID.ARQ_SESION (ARQ_SES_ID,ARQ_SES_ARQ_USR_ID,ARQ_SES_TIPO_ACCESO,ARQ_SES_IP,ARQ_SES_MAC,ARQ_SES_FECHA_ACCESO,ARQ_SES_FECHA_CIERRE,ARQ_SES_OBSERVACION,ARQ_SES_ESTADO,ARQ_SES_FECHA_CR,ARQ_SES_USR_ID_CR,ARQ_SES_FECHA_MD,ARQ_SES_USR_ID_MD) values ('114','4','null','0:0:0:0:0:0:0:1','0:0:0:0:0:0:0:1',to_date('05/09/20','DD/MM/RR'),to_date('05/09/20','DD/MM/RR'),null,'I',to_date('05/09/20','DD/MM/RR'),'4',to_date('05/09/20','DD/MM/RR'),'4');
Insert into VALID.ARQ_SESION (ARQ_SES_ID,ARQ_SES_ARQ_USR_ID,ARQ_SES_TIPO_ACCESO,ARQ_SES_IP,ARQ_SES_MAC,ARQ_SES_FECHA_ACCESO,ARQ_SES_FECHA_CIERRE,ARQ_SES_OBSERVACION,ARQ_SES_ESTADO,ARQ_SES_FECHA_CR,ARQ_SES_USR_ID_CR,ARQ_SES_FECHA_MD,ARQ_SES_USR_ID_MD) values ('115','1','null','0:0:0:0:0:0:0:1','0:0:0:0:0:0:0:1',to_date('05/09/20','DD/MM/RR'),to_date('05/09/20','DD/MM/RR'),null,'I',to_date('05/09/20','DD/MM/RR'),'1',to_date('05/09/20','DD/MM/RR'),'1');
Insert into VALID.ARQ_SESION (ARQ_SES_ID,ARQ_SES_ARQ_USR_ID,ARQ_SES_TIPO_ACCESO,ARQ_SES_IP,ARQ_SES_MAC,ARQ_SES_FECHA_ACCESO,ARQ_SES_FECHA_CIERRE,ARQ_SES_OBSERVACION,ARQ_SES_ESTADO,ARQ_SES_FECHA_CR,ARQ_SES_USR_ID_CR,ARQ_SES_FECHA_MD,ARQ_SES_USR_ID_MD) values ('116','4','null','0:0:0:0:0:0:0:1','0:0:0:0:0:0:0:1',to_date('05/09/20','DD/MM/RR'),to_date('05/09/20','DD/MM/RR'),null,'I',to_date('05/09/20','DD/MM/RR'),'4',to_date('05/09/20','DD/MM/RR'),'4');
Insert into VALID.ARQ_SESION (ARQ_SES_ID,ARQ_SES_ARQ_USR_ID,ARQ_SES_TIPO_ACCESO,ARQ_SES_IP,ARQ_SES_MAC,ARQ_SES_FECHA_ACCESO,ARQ_SES_FECHA_CIERRE,ARQ_SES_OBSERVACION,ARQ_SES_ESTADO,ARQ_SES_FECHA_CR,ARQ_SES_USR_ID_CR,ARQ_SES_FECHA_MD,ARQ_SES_USR_ID_MD) values ('117','1','null','0:0:0:0:0:0:0:1','0:0:0:0:0:0:0:1',to_date('05/09/20','DD/MM/RR'),to_date('05/09/20','DD/MM/RR'),null,'I',to_date('05/09/20','DD/MM/RR'),'1',to_date('05/09/20','DD/MM/RR'),'1');
Insert into VALID.ARQ_SESION (ARQ_SES_ID,ARQ_SES_ARQ_USR_ID,ARQ_SES_TIPO_ACCESO,ARQ_SES_IP,ARQ_SES_MAC,ARQ_SES_FECHA_ACCESO,ARQ_SES_FECHA_CIERRE,ARQ_SES_OBSERVACION,ARQ_SES_ESTADO,ARQ_SES_FECHA_CR,ARQ_SES_USR_ID_CR,ARQ_SES_FECHA_MD,ARQ_SES_USR_ID_MD) values ('118','4','null','0:0:0:0:0:0:0:1','0:0:0:0:0:0:0:1',to_date('05/09/20','DD/MM/RR'),to_date('05/09/20','DD/MM/RR'),null,'I',to_date('05/09/20','DD/MM/RR'),'4',to_date('05/09/20','DD/MM/RR'),'4');
Insert into VALID.ARQ_SESION (ARQ_SES_ID,ARQ_SES_ARQ_USR_ID,ARQ_SES_TIPO_ACCESO,ARQ_SES_IP,ARQ_SES_MAC,ARQ_SES_FECHA_ACCESO,ARQ_SES_FECHA_CIERRE,ARQ_SES_OBSERVACION,ARQ_SES_ESTADO,ARQ_SES_FECHA_CR,ARQ_SES_USR_ID_CR,ARQ_SES_FECHA_MD,ARQ_SES_USR_ID_MD) values ('119','4','null','0:0:0:0:0:0:0:1','0:0:0:0:0:0:0:1',to_date('05/09/20','DD/MM/RR'),to_date('05/09/20','DD/MM/RR'),null,'I',to_date('05/09/20','DD/MM/RR'),'4',to_date('05/09/20','DD/MM/RR'),'4');
Insert into VALID.ARQ_SESION (ARQ_SES_ID,ARQ_SES_ARQ_USR_ID,ARQ_SES_TIPO_ACCESO,ARQ_SES_IP,ARQ_SES_MAC,ARQ_SES_FECHA_ACCESO,ARQ_SES_FECHA_CIERRE,ARQ_SES_OBSERVACION,ARQ_SES_ESTADO,ARQ_SES_FECHA_CR,ARQ_SES_USR_ID_CR,ARQ_SES_FECHA_MD,ARQ_SES_USR_ID_MD) values ('120','1','null','0:0:0:0:0:0:0:1','0:0:0:0:0:0:0:1',to_date('05/09/20','DD/MM/RR'),to_date('05/09/20','DD/MM/RR'),null,'I',to_date('05/09/20','DD/MM/RR'),'1',to_date('05/09/20','DD/MM/RR'),'1');
Insert into VALID.ARQ_SESION (ARQ_SES_ID,ARQ_SES_ARQ_USR_ID,ARQ_SES_TIPO_ACCESO,ARQ_SES_IP,ARQ_SES_MAC,ARQ_SES_FECHA_ACCESO,ARQ_SES_FECHA_CIERRE,ARQ_SES_OBSERVACION,ARQ_SES_ESTADO,ARQ_SES_FECHA_CR,ARQ_SES_USR_ID_CR,ARQ_SES_FECHA_MD,ARQ_SES_USR_ID_MD) values ('121','4','null','0:0:0:0:0:0:0:1','0:0:0:0:0:0:0:1',to_date('05/09/20','DD/MM/RR'),to_date('05/09/20','DD/MM/RR'),null,'I',to_date('05/09/20','DD/MM/RR'),'4',to_date('05/09/20','DD/MM/RR'),'4');
Insert into VALID.ARQ_SESION (ARQ_SES_ID,ARQ_SES_ARQ_USR_ID,ARQ_SES_TIPO_ACCESO,ARQ_SES_IP,ARQ_SES_MAC,ARQ_SES_FECHA_ACCESO,ARQ_SES_FECHA_CIERRE,ARQ_SES_OBSERVACION,ARQ_SES_ESTADO,ARQ_SES_FECHA_CR,ARQ_SES_USR_ID_CR,ARQ_SES_FECHA_MD,ARQ_SES_USR_ID_MD) values ('122','4','null','0:0:0:0:0:0:0:1','0:0:0:0:0:0:0:1',to_date('05/09/20','DD/MM/RR'),to_date('05/09/20','DD/MM/RR'),null,'I',to_date('05/09/20','DD/MM/RR'),'4',to_date('05/09/20','DD/MM/RR'),'4');
Insert into VALID.ARQ_SESION (ARQ_SES_ID,ARQ_SES_ARQ_USR_ID,ARQ_SES_TIPO_ACCESO,ARQ_SES_IP,ARQ_SES_MAC,ARQ_SES_FECHA_ACCESO,ARQ_SES_FECHA_CIERRE,ARQ_SES_OBSERVACION,ARQ_SES_ESTADO,ARQ_SES_FECHA_CR,ARQ_SES_USR_ID_CR,ARQ_SES_FECHA_MD,ARQ_SES_USR_ID_MD) values ('123','1','null','0:0:0:0:0:0:0:1','0:0:0:0:0:0:0:1',to_date('05/09/20','DD/MM/RR'),to_date('05/09/20','DD/MM/RR'),null,'I',to_date('05/09/20','DD/MM/RR'),'1',to_date('05/09/20','DD/MM/RR'),'1');
Insert into VALID.ARQ_SESION (ARQ_SES_ID,ARQ_SES_ARQ_USR_ID,ARQ_SES_TIPO_ACCESO,ARQ_SES_IP,ARQ_SES_MAC,ARQ_SES_FECHA_ACCESO,ARQ_SES_FECHA_CIERRE,ARQ_SES_OBSERVACION,ARQ_SES_ESTADO,ARQ_SES_FECHA_CR,ARQ_SES_USR_ID_CR,ARQ_SES_FECHA_MD,ARQ_SES_USR_ID_MD) values ('124','4','null','0:0:0:0:0:0:0:1','0:0:0:0:0:0:0:1',to_date('05/09/20','DD/MM/RR'),to_date('05/09/20','DD/MM/RR'),null,'I',to_date('05/09/20','DD/MM/RR'),'4',to_date('05/09/20','DD/MM/RR'),'4');
Insert into VALID.ARQ_SESION (ARQ_SES_ID,ARQ_SES_ARQ_USR_ID,ARQ_SES_TIPO_ACCESO,ARQ_SES_IP,ARQ_SES_MAC,ARQ_SES_FECHA_ACCESO,ARQ_SES_FECHA_CIERRE,ARQ_SES_OBSERVACION,ARQ_SES_ESTADO,ARQ_SES_FECHA_CR,ARQ_SES_USR_ID_CR,ARQ_SES_FECHA_MD,ARQ_SES_USR_ID_MD) values ('171','1','null','0:0:0:0:0:0:0:1','0:0:0:0:0:0:0:1',to_date('05/09/20','DD/MM/RR'),to_date('05/09/20','DD/MM/RR'),null,'I',to_date('05/09/20','DD/MM/RR'),'1',to_date('05/09/20','DD/MM/RR'),'1');
Insert into VALID.ARQ_SESION (ARQ_SES_ID,ARQ_SES_ARQ_USR_ID,ARQ_SES_TIPO_ACCESO,ARQ_SES_IP,ARQ_SES_MAC,ARQ_SES_FECHA_ACCESO,ARQ_SES_FECHA_CIERRE,ARQ_SES_OBSERVACION,ARQ_SES_ESTADO,ARQ_SES_FECHA_CR,ARQ_SES_USR_ID_CR,ARQ_SES_FECHA_MD,ARQ_SES_USR_ID_MD) values ('172','1','null','0:0:0:0:0:0:0:1','0:0:0:0:0:0:0:1',to_date('05/09/20','DD/MM/RR'),to_date('05/09/20','DD/MM/RR'),null,'I',to_date('05/09/20','DD/MM/RR'),'1',to_date('05/09/20','DD/MM/RR'),'1');
Insert into VALID.ARQ_SESION (ARQ_SES_ID,ARQ_SES_ARQ_USR_ID,ARQ_SES_TIPO_ACCESO,ARQ_SES_IP,ARQ_SES_MAC,ARQ_SES_FECHA_ACCESO,ARQ_SES_FECHA_CIERRE,ARQ_SES_OBSERVACION,ARQ_SES_ESTADO,ARQ_SES_FECHA_CR,ARQ_SES_USR_ID_CR,ARQ_SES_FECHA_MD,ARQ_SES_USR_ID_MD) values ('173','1','null','0:0:0:0:0:0:0:1','0:0:0:0:0:0:0:1',to_date('05/09/20','DD/MM/RR'),to_date('05/09/20','DD/MM/RR'),null,'I',to_date('05/09/20','DD/MM/RR'),'1',to_date('05/09/20','DD/MM/RR'),'1');
Insert into VALID.ARQ_SESION (ARQ_SES_ID,ARQ_SES_ARQ_USR_ID,ARQ_SES_TIPO_ACCESO,ARQ_SES_IP,ARQ_SES_MAC,ARQ_SES_FECHA_ACCESO,ARQ_SES_FECHA_CIERRE,ARQ_SES_OBSERVACION,ARQ_SES_ESTADO,ARQ_SES_FECHA_CR,ARQ_SES_USR_ID_CR,ARQ_SES_FECHA_MD,ARQ_SES_USR_ID_MD) values ('174','1','null','0:0:0:0:0:0:0:1','0:0:0:0:0:0:0:1',to_date('05/09/20','DD/MM/RR'),to_date('05/09/20','DD/MM/RR'),null,'I',to_date('05/09/20','DD/MM/RR'),'1',to_date('05/09/20','DD/MM/RR'),'1');
Insert into VALID.ARQ_SESION (ARQ_SES_ID,ARQ_SES_ARQ_USR_ID,ARQ_SES_TIPO_ACCESO,ARQ_SES_IP,ARQ_SES_MAC,ARQ_SES_FECHA_ACCESO,ARQ_SES_FECHA_CIERRE,ARQ_SES_OBSERVACION,ARQ_SES_ESTADO,ARQ_SES_FECHA_CR,ARQ_SES_USR_ID_CR,ARQ_SES_FECHA_MD,ARQ_SES_USR_ID_MD) values ('175','1','null','0:0:0:0:0:0:0:1','0:0:0:0:0:0:0:1',to_date('05/09/20','DD/MM/RR'),to_date('05/09/20','DD/MM/RR'),null,'I',to_date('05/09/20','DD/MM/RR'),'1',to_date('05/09/20','DD/MM/RR'),'1');
Insert into VALID.ARQ_SESION (ARQ_SES_ID,ARQ_SES_ARQ_USR_ID,ARQ_SES_TIPO_ACCESO,ARQ_SES_IP,ARQ_SES_MAC,ARQ_SES_FECHA_ACCESO,ARQ_SES_FECHA_CIERRE,ARQ_SES_OBSERVACION,ARQ_SES_ESTADO,ARQ_SES_FECHA_CR,ARQ_SES_USR_ID_CR,ARQ_SES_FECHA_MD,ARQ_SES_USR_ID_MD) values ('176','4','null','0:0:0:0:0:0:0:1','0:0:0:0:0:0:0:1',to_date('05/09/20','DD/MM/RR'),to_date('05/09/20','DD/MM/RR'),null,'I',to_date('05/09/20','DD/MM/RR'),'4',to_date('05/09/20','DD/MM/RR'),'4');
Insert into VALID.ARQ_SESION (ARQ_SES_ID,ARQ_SES_ARQ_USR_ID,ARQ_SES_TIPO_ACCESO,ARQ_SES_IP,ARQ_SES_MAC,ARQ_SES_FECHA_ACCESO,ARQ_SES_FECHA_CIERRE,ARQ_SES_OBSERVACION,ARQ_SES_ESTADO,ARQ_SES_FECHA_CR,ARQ_SES_USR_ID_CR,ARQ_SES_FECHA_MD,ARQ_SES_USR_ID_MD) values ('177','1','null','0:0:0:0:0:0:0:1','0:0:0:0:0:0:0:1',to_date('05/09/20','DD/MM/RR'),to_date('05/09/20','DD/MM/RR'),null,'I',to_date('05/09/20','DD/MM/RR'),'1',to_date('05/09/20','DD/MM/RR'),'1');
Insert into VALID.ARQ_SESION (ARQ_SES_ID,ARQ_SES_ARQ_USR_ID,ARQ_SES_TIPO_ACCESO,ARQ_SES_IP,ARQ_SES_MAC,ARQ_SES_FECHA_ACCESO,ARQ_SES_FECHA_CIERRE,ARQ_SES_OBSERVACION,ARQ_SES_ESTADO,ARQ_SES_FECHA_CR,ARQ_SES_USR_ID_CR,ARQ_SES_FECHA_MD,ARQ_SES_USR_ID_MD) values ('201','1','null','0:0:0:0:0:0:0:1','0:0:0:0:0:0:0:1',to_date('06/09/20','DD/MM/RR'),to_date('06/09/20','DD/MM/RR'),null,'I',to_date('06/09/20','DD/MM/RR'),'1',to_date('06/09/20','DD/MM/RR'),'1');
Insert into VALID.ARQ_SESION (ARQ_SES_ID,ARQ_SES_ARQ_USR_ID,ARQ_SES_TIPO_ACCESO,ARQ_SES_IP,ARQ_SES_MAC,ARQ_SES_FECHA_ACCESO,ARQ_SES_FECHA_CIERRE,ARQ_SES_OBSERVACION,ARQ_SES_ESTADO,ARQ_SES_FECHA_CR,ARQ_SES_USR_ID_CR,ARQ_SES_FECHA_MD,ARQ_SES_USR_ID_MD) values ('209','1','null','0:0:0:0:0:0:0:1','0:0:0:0:0:0:0:1',to_date('06/09/20','DD/MM/RR'),to_date('06/09/20','DD/MM/RR'),null,'I',to_date('06/09/20','DD/MM/RR'),'1',to_date('06/09/20','DD/MM/RR'),'1');
Insert into VALID.ARQ_SESION (ARQ_SES_ID,ARQ_SES_ARQ_USR_ID,ARQ_SES_TIPO_ACCESO,ARQ_SES_IP,ARQ_SES_MAC,ARQ_SES_FECHA_ACCESO,ARQ_SES_FECHA_CIERRE,ARQ_SES_OBSERVACION,ARQ_SES_ESTADO,ARQ_SES_FECHA_CR,ARQ_SES_USR_ID_CR,ARQ_SES_FECHA_MD,ARQ_SES_USR_ID_MD) values ('210','1','null','0:0:0:0:0:0:0:1','0:0:0:0:0:0:0:1',to_date('06/09/20','DD/MM/RR'),to_date('06/09/20','DD/MM/RR'),null,'I',to_date('06/09/20','DD/MM/RR'),'1',to_date('06/09/20','DD/MM/RR'),'1');
Insert into VALID.ARQ_SESION (ARQ_SES_ID,ARQ_SES_ARQ_USR_ID,ARQ_SES_TIPO_ACCESO,ARQ_SES_IP,ARQ_SES_MAC,ARQ_SES_FECHA_ACCESO,ARQ_SES_FECHA_CIERRE,ARQ_SES_OBSERVACION,ARQ_SES_ESTADO,ARQ_SES_FECHA_CR,ARQ_SES_USR_ID_CR,ARQ_SES_FECHA_MD,ARQ_SES_USR_ID_MD) values ('211','1','null','0:0:0:0:0:0:0:1','0:0:0:0:0:0:0:1',to_date('06/09/20','DD/MM/RR'),to_date('06/09/20','DD/MM/RR'),null,'I',to_date('06/09/20','DD/MM/RR'),'1',to_date('06/09/20','DD/MM/RR'),'1');
Insert into VALID.ARQ_SESION (ARQ_SES_ID,ARQ_SES_ARQ_USR_ID,ARQ_SES_TIPO_ACCESO,ARQ_SES_IP,ARQ_SES_MAC,ARQ_SES_FECHA_ACCESO,ARQ_SES_FECHA_CIERRE,ARQ_SES_OBSERVACION,ARQ_SES_ESTADO,ARQ_SES_FECHA_CR,ARQ_SES_USR_ID_CR,ARQ_SES_FECHA_MD,ARQ_SES_USR_ID_MD) values ('212','1','null','0:0:0:0:0:0:0:1','0:0:0:0:0:0:0:1',to_date('06/09/20','DD/MM/RR'),to_date('06/09/20','DD/MM/RR'),null,'I',to_date('06/09/20','DD/MM/RR'),'1',to_date('06/09/20','DD/MM/RR'),'1');
Insert into VALID.ARQ_SESION (ARQ_SES_ID,ARQ_SES_ARQ_USR_ID,ARQ_SES_TIPO_ACCESO,ARQ_SES_IP,ARQ_SES_MAC,ARQ_SES_FECHA_ACCESO,ARQ_SES_FECHA_CIERRE,ARQ_SES_OBSERVACION,ARQ_SES_ESTADO,ARQ_SES_FECHA_CR,ARQ_SES_USR_ID_CR,ARQ_SES_FECHA_MD,ARQ_SES_USR_ID_MD) values ('213','1','null','0:0:0:0:0:0:0:1','0:0:0:0:0:0:0:1',to_date('06/09/20','DD/MM/RR'),to_date('06/09/20','DD/MM/RR'),null,'I',to_date('06/09/20','DD/MM/RR'),'1',to_date('06/09/20','DD/MM/RR'),'1');
Insert into VALID.ARQ_SESION (ARQ_SES_ID,ARQ_SES_ARQ_USR_ID,ARQ_SES_TIPO_ACCESO,ARQ_SES_IP,ARQ_SES_MAC,ARQ_SES_FECHA_ACCESO,ARQ_SES_FECHA_CIERRE,ARQ_SES_OBSERVACION,ARQ_SES_ESTADO,ARQ_SES_FECHA_CR,ARQ_SES_USR_ID_CR,ARQ_SES_FECHA_MD,ARQ_SES_USR_ID_MD) values ('214','1','null','0:0:0:0:0:0:0:1','0:0:0:0:0:0:0:1',to_date('06/09/20','DD/MM/RR'),to_date('06/09/20','DD/MM/RR'),null,'I',to_date('06/09/20','DD/MM/RR'),'1',to_date('06/09/20','DD/MM/RR'),'1');
Insert into VALID.ARQ_SESION (ARQ_SES_ID,ARQ_SES_ARQ_USR_ID,ARQ_SES_TIPO_ACCESO,ARQ_SES_IP,ARQ_SES_MAC,ARQ_SES_FECHA_ACCESO,ARQ_SES_FECHA_CIERRE,ARQ_SES_OBSERVACION,ARQ_SES_ESTADO,ARQ_SES_FECHA_CR,ARQ_SES_USR_ID_CR,ARQ_SES_FECHA_MD,ARQ_SES_USR_ID_MD) values ('216','1','null','0:0:0:0:0:0:0:1','0:0:0:0:0:0:0:1',to_date('06/09/20','DD/MM/RR'),to_date('06/09/20','DD/MM/RR'),null,'I',to_date('06/09/20','DD/MM/RR'),'1',to_date('06/09/20','DD/MM/RR'),'1');
Insert into VALID.ARQ_SESION (ARQ_SES_ID,ARQ_SES_ARQ_USR_ID,ARQ_SES_TIPO_ACCESO,ARQ_SES_IP,ARQ_SES_MAC,ARQ_SES_FECHA_ACCESO,ARQ_SES_FECHA_CIERRE,ARQ_SES_OBSERVACION,ARQ_SES_ESTADO,ARQ_SES_FECHA_CR,ARQ_SES_USR_ID_CR,ARQ_SES_FECHA_MD,ARQ_SES_USR_ID_MD) values ('217','1','null','0:0:0:0:0:0:0:1','0:0:0:0:0:0:0:1',to_date('06/09/20','DD/MM/RR'),to_date('06/09/20','DD/MM/RR'),null,'I',to_date('06/09/20','DD/MM/RR'),'1',to_date('06/09/20','DD/MM/RR'),'1');
Insert into VALID.ARQ_SESION (ARQ_SES_ID,ARQ_SES_ARQ_USR_ID,ARQ_SES_TIPO_ACCESO,ARQ_SES_IP,ARQ_SES_MAC,ARQ_SES_FECHA_ACCESO,ARQ_SES_FECHA_CIERRE,ARQ_SES_OBSERVACION,ARQ_SES_ESTADO,ARQ_SES_FECHA_CR,ARQ_SES_USR_ID_CR,ARQ_SES_FECHA_MD,ARQ_SES_USR_ID_MD) values ('219','1','null','0:0:0:0:0:0:0:1','0:0:0:0:0:0:0:1',to_date('06/09/20','DD/MM/RR'),to_date('06/09/20','DD/MM/RR'),null,'I',to_date('06/09/20','DD/MM/RR'),'1',to_date('06/09/20','DD/MM/RR'),'1');
Insert into VALID.ARQ_SESION (ARQ_SES_ID,ARQ_SES_ARQ_USR_ID,ARQ_SES_TIPO_ACCESO,ARQ_SES_IP,ARQ_SES_MAC,ARQ_SES_FECHA_ACCESO,ARQ_SES_FECHA_CIERRE,ARQ_SES_OBSERVACION,ARQ_SES_ESTADO,ARQ_SES_FECHA_CR,ARQ_SES_USR_ID_CR,ARQ_SES_FECHA_MD,ARQ_SES_USR_ID_MD) values ('220','1','null','0:0:0:0:0:0:0:1','0:0:0:0:0:0:0:1',to_date('06/09/20','DD/MM/RR'),to_date('06/09/20','DD/MM/RR'),null,'I',to_date('06/09/20','DD/MM/RR'),'1',to_date('06/09/20','DD/MM/RR'),'1');
Insert into VALID.ARQ_SESION (ARQ_SES_ID,ARQ_SES_ARQ_USR_ID,ARQ_SES_TIPO_ACCESO,ARQ_SES_IP,ARQ_SES_MAC,ARQ_SES_FECHA_ACCESO,ARQ_SES_FECHA_CIERRE,ARQ_SES_OBSERVACION,ARQ_SES_ESTADO,ARQ_SES_FECHA_CR,ARQ_SES_USR_ID_CR,ARQ_SES_FECHA_MD,ARQ_SES_USR_ID_MD) values ('221','1','null','0:0:0:0:0:0:0:1','0:0:0:0:0:0:0:1',to_date('06/09/20','DD/MM/RR'),to_date('06/09/20','DD/MM/RR'),null,'I',to_date('06/09/20','DD/MM/RR'),'1',to_date('06/09/20','DD/MM/RR'),'1');
Insert into VALID.ARQ_SESION (ARQ_SES_ID,ARQ_SES_ARQ_USR_ID,ARQ_SES_TIPO_ACCESO,ARQ_SES_IP,ARQ_SES_MAC,ARQ_SES_FECHA_ACCESO,ARQ_SES_FECHA_CIERRE,ARQ_SES_OBSERVACION,ARQ_SES_ESTADO,ARQ_SES_FECHA_CR,ARQ_SES_USR_ID_CR,ARQ_SES_FECHA_MD,ARQ_SES_USR_ID_MD) values ('229','1','null','0:0:0:0:0:0:0:1','0:0:0:0:0:0:0:1',to_date('06/09/20','DD/MM/RR'),to_date('06/09/20','DD/MM/RR'),null,'I',to_date('06/09/20','DD/MM/RR'),'1',to_date('06/09/20','DD/MM/RR'),'1');
Insert into VALID.ARQ_SESION (ARQ_SES_ID,ARQ_SES_ARQ_USR_ID,ARQ_SES_TIPO_ACCESO,ARQ_SES_IP,ARQ_SES_MAC,ARQ_SES_FECHA_ACCESO,ARQ_SES_FECHA_CIERRE,ARQ_SES_OBSERVACION,ARQ_SES_ESTADO,ARQ_SES_FECHA_CR,ARQ_SES_USR_ID_CR,ARQ_SES_FECHA_MD,ARQ_SES_USR_ID_MD) values ('234','1','null','0:0:0:0:0:0:0:1','0:0:0:0:0:0:0:1',to_date('06/09/20','DD/MM/RR'),to_date('06/09/20','DD/MM/RR'),null,'I',to_date('06/09/20','DD/MM/RR'),'1',to_date('06/09/20','DD/MM/RR'),'1');
Insert into VALID.ARQ_SESION (ARQ_SES_ID,ARQ_SES_ARQ_USR_ID,ARQ_SES_TIPO_ACCESO,ARQ_SES_IP,ARQ_SES_MAC,ARQ_SES_FECHA_ACCESO,ARQ_SES_FECHA_CIERRE,ARQ_SES_OBSERVACION,ARQ_SES_ESTADO,ARQ_SES_FECHA_CR,ARQ_SES_USR_ID_CR,ARQ_SES_FECHA_MD,ARQ_SES_USR_ID_MD) values ('235','1','null','0:0:0:0:0:0:0:1','0:0:0:0:0:0:0:1',to_date('06/09/20','DD/MM/RR'),to_date('06/09/20','DD/MM/RR'),null,'I',to_date('06/09/20','DD/MM/RR'),'1',to_date('06/09/20','DD/MM/RR'),'1');
Insert into VALID.ARQ_SESION (ARQ_SES_ID,ARQ_SES_ARQ_USR_ID,ARQ_SES_TIPO_ACCESO,ARQ_SES_IP,ARQ_SES_MAC,ARQ_SES_FECHA_ACCESO,ARQ_SES_FECHA_CIERRE,ARQ_SES_OBSERVACION,ARQ_SES_ESTADO,ARQ_SES_FECHA_CR,ARQ_SES_USR_ID_CR,ARQ_SES_FECHA_MD,ARQ_SES_USR_ID_MD) values ('236','1','null','0:0:0:0:0:0:0:1','0:0:0:0:0:0:0:1',to_date('06/09/20','DD/MM/RR'),to_date('06/09/20','DD/MM/RR'),null,'I',to_date('06/09/20','DD/MM/RR'),'1',to_date('06/09/20','DD/MM/RR'),'1');
Insert into VALID.ARQ_SESION (ARQ_SES_ID,ARQ_SES_ARQ_USR_ID,ARQ_SES_TIPO_ACCESO,ARQ_SES_IP,ARQ_SES_MAC,ARQ_SES_FECHA_ACCESO,ARQ_SES_FECHA_CIERRE,ARQ_SES_OBSERVACION,ARQ_SES_ESTADO,ARQ_SES_FECHA_CR,ARQ_SES_USR_ID_CR,ARQ_SES_FECHA_MD,ARQ_SES_USR_ID_MD) values ('237','1','null','0:0:0:0:0:0:0:1','0:0:0:0:0:0:0:1',to_date('06/09/20','DD/MM/RR'),to_date('06/09/20','DD/MM/RR'),null,'I',to_date('06/09/20','DD/MM/RR'),'1',to_date('06/09/20','DD/MM/RR'),'1');
Insert into VALID.ARQ_SESION (ARQ_SES_ID,ARQ_SES_ARQ_USR_ID,ARQ_SES_TIPO_ACCESO,ARQ_SES_IP,ARQ_SES_MAC,ARQ_SES_FECHA_ACCESO,ARQ_SES_FECHA_CIERRE,ARQ_SES_OBSERVACION,ARQ_SES_ESTADO,ARQ_SES_FECHA_CR,ARQ_SES_USR_ID_CR,ARQ_SES_FECHA_MD,ARQ_SES_USR_ID_MD) values ('238','1','null','0:0:0:0:0:0:0:1','0:0:0:0:0:0:0:1',to_date('06/09/20','DD/MM/RR'),to_date('06/09/20','DD/MM/RR'),null,'I',to_date('06/09/20','DD/MM/RR'),'1',to_date('06/09/20','DD/MM/RR'),'1');
Insert into VALID.ARQ_SESION (ARQ_SES_ID,ARQ_SES_ARQ_USR_ID,ARQ_SES_TIPO_ACCESO,ARQ_SES_IP,ARQ_SES_MAC,ARQ_SES_FECHA_ACCESO,ARQ_SES_FECHA_CIERRE,ARQ_SES_OBSERVACION,ARQ_SES_ESTADO,ARQ_SES_FECHA_CR,ARQ_SES_USR_ID_CR,ARQ_SES_FECHA_MD,ARQ_SES_USR_ID_MD) values ('239','1','null','0:0:0:0:0:0:0:1','0:0:0:0:0:0:0:1',to_date('06/09/20','DD/MM/RR'),to_date('06/09/20','DD/MM/RR'),null,'I',to_date('06/09/20','DD/MM/RR'),'1',to_date('06/09/20','DD/MM/RR'),'1');
Insert into VALID.ARQ_SESION (ARQ_SES_ID,ARQ_SES_ARQ_USR_ID,ARQ_SES_TIPO_ACCESO,ARQ_SES_IP,ARQ_SES_MAC,ARQ_SES_FECHA_ACCESO,ARQ_SES_FECHA_CIERRE,ARQ_SES_OBSERVACION,ARQ_SES_ESTADO,ARQ_SES_FECHA_CR,ARQ_SES_USR_ID_CR,ARQ_SES_FECHA_MD,ARQ_SES_USR_ID_MD) values ('240','1','null','0:0:0:0:0:0:0:1','0:0:0:0:0:0:0:1',to_date('06/09/20','DD/MM/RR'),to_date('06/09/20','DD/MM/RR'),null,'I',to_date('06/09/20','DD/MM/RR'),'1',to_date('06/09/20','DD/MM/RR'),'1');
Insert into VALID.ARQ_SESION (ARQ_SES_ID,ARQ_SES_ARQ_USR_ID,ARQ_SES_TIPO_ACCESO,ARQ_SES_IP,ARQ_SES_MAC,ARQ_SES_FECHA_ACCESO,ARQ_SES_FECHA_CIERRE,ARQ_SES_OBSERVACION,ARQ_SES_ESTADO,ARQ_SES_FECHA_CR,ARQ_SES_USR_ID_CR,ARQ_SES_FECHA_MD,ARQ_SES_USR_ID_MD) values ('241','1','null','0:0:0:0:0:0:0:1','0:0:0:0:0:0:0:1',to_date('06/09/20','DD/MM/RR'),to_date('06/09/20','DD/MM/RR'),null,'I',to_date('06/09/20','DD/MM/RR'),'1',to_date('06/09/20','DD/MM/RR'),'1');
Insert into VALID.ARQ_SESION (ARQ_SES_ID,ARQ_SES_ARQ_USR_ID,ARQ_SES_TIPO_ACCESO,ARQ_SES_IP,ARQ_SES_MAC,ARQ_SES_FECHA_ACCESO,ARQ_SES_FECHA_CIERRE,ARQ_SES_OBSERVACION,ARQ_SES_ESTADO,ARQ_SES_FECHA_CR,ARQ_SES_USR_ID_CR,ARQ_SES_FECHA_MD,ARQ_SES_USR_ID_MD) values ('242','4','null','0:0:0:0:0:0:0:1','0:0:0:0:0:0:0:1',to_date('06/09/20','DD/MM/RR'),to_date('06/09/20','DD/MM/RR'),null,'I',to_date('06/09/20','DD/MM/RR'),'4',to_date('06/09/20','DD/MM/RR'),'4');
Insert into VALID.ARQ_SESION (ARQ_SES_ID,ARQ_SES_ARQ_USR_ID,ARQ_SES_TIPO_ACCESO,ARQ_SES_IP,ARQ_SES_MAC,ARQ_SES_FECHA_ACCESO,ARQ_SES_FECHA_CIERRE,ARQ_SES_OBSERVACION,ARQ_SES_ESTADO,ARQ_SES_FECHA_CR,ARQ_SES_USR_ID_CR,ARQ_SES_FECHA_MD,ARQ_SES_USR_ID_MD) values ('243','1','null','0:0:0:0:0:0:0:1','0:0:0:0:0:0:0:1',to_date('06/09/20','DD/MM/RR'),to_date('06/09/20','DD/MM/RR'),null,'I',to_date('06/09/20','DD/MM/RR'),'1',to_date('06/09/20','DD/MM/RR'),'1');
Insert into VALID.ARQ_SESION (ARQ_SES_ID,ARQ_SES_ARQ_USR_ID,ARQ_SES_TIPO_ACCESO,ARQ_SES_IP,ARQ_SES_MAC,ARQ_SES_FECHA_ACCESO,ARQ_SES_FECHA_CIERRE,ARQ_SES_OBSERVACION,ARQ_SES_ESTADO,ARQ_SES_FECHA_CR,ARQ_SES_USR_ID_CR,ARQ_SES_FECHA_MD,ARQ_SES_USR_ID_MD) values ('244','1','null','0:0:0:0:0:0:0:1','0:0:0:0:0:0:0:1',to_date('06/09/20','DD/MM/RR'),to_date('06/09/20','DD/MM/RR'),null,'I',to_date('06/09/20','DD/MM/RR'),'1',to_date('06/09/20','DD/MM/RR'),'1');
Insert into VALID.ARQ_SESION (ARQ_SES_ID,ARQ_SES_ARQ_USR_ID,ARQ_SES_TIPO_ACCESO,ARQ_SES_IP,ARQ_SES_MAC,ARQ_SES_FECHA_ACCESO,ARQ_SES_FECHA_CIERRE,ARQ_SES_OBSERVACION,ARQ_SES_ESTADO,ARQ_SES_FECHA_CR,ARQ_SES_USR_ID_CR,ARQ_SES_FECHA_MD,ARQ_SES_USR_ID_MD) values ('245','4','null','0:0:0:0:0:0:0:1','0:0:0:0:0:0:0:1',to_date('06/09/20','DD/MM/RR'),to_date('06/09/20','DD/MM/RR'),null,'I',to_date('06/09/20','DD/MM/RR'),'4',to_date('06/09/20','DD/MM/RR'),'4');
Insert into VALID.ARQ_SESION (ARQ_SES_ID,ARQ_SES_ARQ_USR_ID,ARQ_SES_TIPO_ACCESO,ARQ_SES_IP,ARQ_SES_MAC,ARQ_SES_FECHA_ACCESO,ARQ_SES_FECHA_CIERRE,ARQ_SES_OBSERVACION,ARQ_SES_ESTADO,ARQ_SES_FECHA_CR,ARQ_SES_USR_ID_CR,ARQ_SES_FECHA_MD,ARQ_SES_USR_ID_MD) values ('246','1','null','0:0:0:0:0:0:0:1','0:0:0:0:0:0:0:1',to_date('06/09/20','DD/MM/RR'),to_date('06/09/20','DD/MM/RR'),null,'I',to_date('06/09/20','DD/MM/RR'),'1',to_date('06/09/20','DD/MM/RR'),'1');
Insert into VALID.ARQ_SESION (ARQ_SES_ID,ARQ_SES_ARQ_USR_ID,ARQ_SES_TIPO_ACCESO,ARQ_SES_IP,ARQ_SES_MAC,ARQ_SES_FECHA_ACCESO,ARQ_SES_FECHA_CIERRE,ARQ_SES_OBSERVACION,ARQ_SES_ESTADO,ARQ_SES_FECHA_CR,ARQ_SES_USR_ID_CR,ARQ_SES_FECHA_MD,ARQ_SES_USR_ID_MD) values ('247','4','null','0:0:0:0:0:0:0:1','0:0:0:0:0:0:0:1',to_date('06/09/20','DD/MM/RR'),to_date('06/09/20','DD/MM/RR'),null,'I',to_date('06/09/20','DD/MM/RR'),'4',to_date('06/09/20','DD/MM/RR'),'4');
Insert into VALID.ARQ_SESION (ARQ_SES_ID,ARQ_SES_ARQ_USR_ID,ARQ_SES_TIPO_ACCESO,ARQ_SES_IP,ARQ_SES_MAC,ARQ_SES_FECHA_ACCESO,ARQ_SES_FECHA_CIERRE,ARQ_SES_OBSERVACION,ARQ_SES_ESTADO,ARQ_SES_FECHA_CR,ARQ_SES_USR_ID_CR,ARQ_SES_FECHA_MD,ARQ_SES_USR_ID_MD) values ('248','1','null','0:0:0:0:0:0:0:1','0:0:0:0:0:0:0:1',to_date('06/09/20','DD/MM/RR'),to_date('06/09/20','DD/MM/RR'),null,'I',to_date('06/09/20','DD/MM/RR'),'1',to_date('06/09/20','DD/MM/RR'),'1');
Insert into VALID.ARQ_SESION (ARQ_SES_ID,ARQ_SES_ARQ_USR_ID,ARQ_SES_TIPO_ACCESO,ARQ_SES_IP,ARQ_SES_MAC,ARQ_SES_FECHA_ACCESO,ARQ_SES_FECHA_CIERRE,ARQ_SES_OBSERVACION,ARQ_SES_ESTADO,ARQ_SES_FECHA_CR,ARQ_SES_USR_ID_CR,ARQ_SES_FECHA_MD,ARQ_SES_USR_ID_MD) values ('249','4','null','0:0:0:0:0:0:0:1','0:0:0:0:0:0:0:1',to_date('06/09/20','DD/MM/RR'),to_date('06/09/20','DD/MM/RR'),null,'I',to_date('06/09/20','DD/MM/RR'),'4',to_date('06/09/20','DD/MM/RR'),'4');
Insert into VALID.ARQ_SESION (ARQ_SES_ID,ARQ_SES_ARQ_USR_ID,ARQ_SES_TIPO_ACCESO,ARQ_SES_IP,ARQ_SES_MAC,ARQ_SES_FECHA_ACCESO,ARQ_SES_FECHA_CIERRE,ARQ_SES_OBSERVACION,ARQ_SES_ESTADO,ARQ_SES_FECHA_CR,ARQ_SES_USR_ID_CR,ARQ_SES_FECHA_MD,ARQ_SES_USR_ID_MD) values ('250','4','null','0:0:0:0:0:0:0:1','0:0:0:0:0:0:0:1',to_date('06/09/20','DD/MM/RR'),to_date('06/09/20','DD/MM/RR'),null,'I',to_date('06/09/20','DD/MM/RR'),'4',to_date('06/09/20','DD/MM/RR'),'4');
Insert into VALID.ARQ_SESION (ARQ_SES_ID,ARQ_SES_ARQ_USR_ID,ARQ_SES_TIPO_ACCESO,ARQ_SES_IP,ARQ_SES_MAC,ARQ_SES_FECHA_ACCESO,ARQ_SES_FECHA_CIERRE,ARQ_SES_OBSERVACION,ARQ_SES_ESTADO,ARQ_SES_FECHA_CR,ARQ_SES_USR_ID_CR,ARQ_SES_FECHA_MD,ARQ_SES_USR_ID_MD) values ('251','4','null','0:0:0:0:0:0:0:1','0:0:0:0:0:0:0:1',to_date('06/09/20','DD/MM/RR'),to_date('06/09/20','DD/MM/RR'),null,'I',to_date('06/09/20','DD/MM/RR'),'4',to_date('06/09/20','DD/MM/RR'),'4');
Insert into VALID.ARQ_SESION (ARQ_SES_ID,ARQ_SES_ARQ_USR_ID,ARQ_SES_TIPO_ACCESO,ARQ_SES_IP,ARQ_SES_MAC,ARQ_SES_FECHA_ACCESO,ARQ_SES_FECHA_CIERRE,ARQ_SES_OBSERVACION,ARQ_SES_ESTADO,ARQ_SES_FECHA_CR,ARQ_SES_USR_ID_CR,ARQ_SES_FECHA_MD,ARQ_SES_USR_ID_MD) values ('19','1','null','0:0:0:0:0:0:0:1','0:0:0:0:0:0:0:1',to_date('26/07/20','DD/MM/RR'),to_date('26/07/20','DD/MM/RR'),null,'I',to_date('26/07/20','DD/MM/RR'),'1',to_date('26/07/20','DD/MM/RR'),'1');
Insert into VALID.ARQ_SESION (ARQ_SES_ID,ARQ_SES_ARQ_USR_ID,ARQ_SES_TIPO_ACCESO,ARQ_SES_IP,ARQ_SES_MAC,ARQ_SES_FECHA_ACCESO,ARQ_SES_FECHA_CIERRE,ARQ_SES_OBSERVACION,ARQ_SES_ESTADO,ARQ_SES_FECHA_CR,ARQ_SES_USR_ID_CR,ARQ_SES_FECHA_MD,ARQ_SES_USR_ID_MD) values ('20','1','null','0:0:0:0:0:0:0:1','0:0:0:0:0:0:0:1',to_date('26/07/20','DD/MM/RR'),to_date('26/07/20','DD/MM/RR'),null,'I',to_date('26/07/20','DD/MM/RR'),'1',to_date('26/07/20','DD/MM/RR'),'1');
Insert into VALID.ARQ_SESION (ARQ_SES_ID,ARQ_SES_ARQ_USR_ID,ARQ_SES_TIPO_ACCESO,ARQ_SES_IP,ARQ_SES_MAC,ARQ_SES_FECHA_ACCESO,ARQ_SES_FECHA_CIERRE,ARQ_SES_OBSERVACION,ARQ_SES_ESTADO,ARQ_SES_FECHA_CR,ARQ_SES_USR_ID_CR,ARQ_SES_FECHA_MD,ARQ_SES_USR_ID_MD) values ('21','1','null','0:0:0:0:0:0:0:1','0:0:0:0:0:0:0:1',to_date('26/07/20','DD/MM/RR'),to_date('26/07/20','DD/MM/RR'),null,'I',to_date('26/07/20','DD/MM/RR'),'1',to_date('26/07/20','DD/MM/RR'),'1');
Insert into VALID.ARQ_SESION (ARQ_SES_ID,ARQ_SES_ARQ_USR_ID,ARQ_SES_TIPO_ACCESO,ARQ_SES_IP,ARQ_SES_MAC,ARQ_SES_FECHA_ACCESO,ARQ_SES_FECHA_CIERRE,ARQ_SES_OBSERVACION,ARQ_SES_ESTADO,ARQ_SES_FECHA_CR,ARQ_SES_USR_ID_CR,ARQ_SES_FECHA_MD,ARQ_SES_USR_ID_MD) values ('22','1','null','0:0:0:0:0:0:0:1','0:0:0:0:0:0:0:1',to_date('26/07/20','DD/MM/RR'),to_date('26/07/20','DD/MM/RR'),null,'I',to_date('26/07/20','DD/MM/RR'),'1',to_date('26/07/20','DD/MM/RR'),'1');
Insert into VALID.ARQ_SESION (ARQ_SES_ID,ARQ_SES_ARQ_USR_ID,ARQ_SES_TIPO_ACCESO,ARQ_SES_IP,ARQ_SES_MAC,ARQ_SES_FECHA_ACCESO,ARQ_SES_FECHA_CIERRE,ARQ_SES_OBSERVACION,ARQ_SES_ESTADO,ARQ_SES_FECHA_CR,ARQ_SES_USR_ID_CR,ARQ_SES_FECHA_MD,ARQ_SES_USR_ID_MD) values ('23','1','null','0:0:0:0:0:0:0:1','0:0:0:0:0:0:0:1',to_date('26/07/20','DD/MM/RR'),to_date('26/07/20','DD/MM/RR'),null,'I',to_date('26/07/20','DD/MM/RR'),'1',to_date('26/07/20','DD/MM/RR'),'1');
Insert into VALID.ARQ_SESION (ARQ_SES_ID,ARQ_SES_ARQ_USR_ID,ARQ_SES_TIPO_ACCESO,ARQ_SES_IP,ARQ_SES_MAC,ARQ_SES_FECHA_ACCESO,ARQ_SES_FECHA_CIERRE,ARQ_SES_OBSERVACION,ARQ_SES_ESTADO,ARQ_SES_FECHA_CR,ARQ_SES_USR_ID_CR,ARQ_SES_FECHA_MD,ARQ_SES_USR_ID_MD) values ('24','1','null','0:0:0:0:0:0:0:1','0:0:0:0:0:0:0:1',to_date('26/07/20','DD/MM/RR'),to_date('26/07/20','DD/MM/RR'),null,'I',to_date('26/07/20','DD/MM/RR'),'1',to_date('26/07/20','DD/MM/RR'),'1');
Insert into VALID.ARQ_SESION (ARQ_SES_ID,ARQ_SES_ARQ_USR_ID,ARQ_SES_TIPO_ACCESO,ARQ_SES_IP,ARQ_SES_MAC,ARQ_SES_FECHA_ACCESO,ARQ_SES_FECHA_CIERRE,ARQ_SES_OBSERVACION,ARQ_SES_ESTADO,ARQ_SES_FECHA_CR,ARQ_SES_USR_ID_CR,ARQ_SES_FECHA_MD,ARQ_SES_USR_ID_MD) values ('25','1','null','0:0:0:0:0:0:0:1','0:0:0:0:0:0:0:1',to_date('26/07/20','DD/MM/RR'),to_date('26/07/20','DD/MM/RR'),null,'I',to_date('26/07/20','DD/MM/RR'),'1',to_date('26/07/20','DD/MM/RR'),'1');
Insert into VALID.ARQ_SESION (ARQ_SES_ID,ARQ_SES_ARQ_USR_ID,ARQ_SES_TIPO_ACCESO,ARQ_SES_IP,ARQ_SES_MAC,ARQ_SES_FECHA_ACCESO,ARQ_SES_FECHA_CIERRE,ARQ_SES_OBSERVACION,ARQ_SES_ESTADO,ARQ_SES_FECHA_CR,ARQ_SES_USR_ID_CR,ARQ_SES_FECHA_MD,ARQ_SES_USR_ID_MD) values ('26','1','null','0:0:0:0:0:0:0:1','0:0:0:0:0:0:0:1',to_date('26/07/20','DD/MM/RR'),to_date('26/07/20','DD/MM/RR'),null,'I',to_date('26/07/20','DD/MM/RR'),'1',to_date('26/07/20','DD/MM/RR'),'1');
Insert into VALID.ARQ_SESION (ARQ_SES_ID,ARQ_SES_ARQ_USR_ID,ARQ_SES_TIPO_ACCESO,ARQ_SES_IP,ARQ_SES_MAC,ARQ_SES_FECHA_ACCESO,ARQ_SES_FECHA_CIERRE,ARQ_SES_OBSERVACION,ARQ_SES_ESTADO,ARQ_SES_FECHA_CR,ARQ_SES_USR_ID_CR,ARQ_SES_FECHA_MD,ARQ_SES_USR_ID_MD) values ('27','1','null','0:0:0:0:0:0:0:1','0:0:0:0:0:0:0:1',to_date('26/07/20','DD/MM/RR'),to_date('26/07/20','DD/MM/RR'),null,'I',to_date('26/07/20','DD/MM/RR'),'1',to_date('26/07/20','DD/MM/RR'),'1');
Insert into VALID.ARQ_SESION (ARQ_SES_ID,ARQ_SES_ARQ_USR_ID,ARQ_SES_TIPO_ACCESO,ARQ_SES_IP,ARQ_SES_MAC,ARQ_SES_FECHA_ACCESO,ARQ_SES_FECHA_CIERRE,ARQ_SES_OBSERVACION,ARQ_SES_ESTADO,ARQ_SES_FECHA_CR,ARQ_SES_USR_ID_CR,ARQ_SES_FECHA_MD,ARQ_SES_USR_ID_MD) values ('48','1','null','0:0:0:0:0:0:0:1','0:0:0:0:0:0:0:1',to_date('26/07/20','DD/MM/RR'),to_date('26/07/20','DD/MM/RR'),null,'I',to_date('26/07/20','DD/MM/RR'),'1',to_date('26/07/20','DD/MM/RR'),'1');
Insert into VALID.ARQ_SESION (ARQ_SES_ID,ARQ_SES_ARQ_USR_ID,ARQ_SES_TIPO_ACCESO,ARQ_SES_IP,ARQ_SES_MAC,ARQ_SES_FECHA_ACCESO,ARQ_SES_FECHA_CIERRE,ARQ_SES_OBSERVACION,ARQ_SES_ESTADO,ARQ_SES_FECHA_CR,ARQ_SES_USR_ID_CR,ARQ_SES_FECHA_MD,ARQ_SES_USR_ID_MD) values ('49','2','null','0:0:0:0:0:0:0:1','0:0:0:0:0:0:0:1',to_date('26/07/20','DD/MM/RR'),to_date('26/07/20','DD/MM/RR'),null,'I',to_date('26/07/20','DD/MM/RR'),'2',to_date('26/07/20','DD/MM/RR'),'2');
Insert into VALID.ARQ_SESION (ARQ_SES_ID,ARQ_SES_ARQ_USR_ID,ARQ_SES_TIPO_ACCESO,ARQ_SES_IP,ARQ_SES_MAC,ARQ_SES_FECHA_ACCESO,ARQ_SES_FECHA_CIERRE,ARQ_SES_OBSERVACION,ARQ_SES_ESTADO,ARQ_SES_FECHA_CR,ARQ_SES_USR_ID_CR,ARQ_SES_FECHA_MD,ARQ_SES_USR_ID_MD) values ('50','1','null','0:0:0:0:0:0:0:1','0:0:0:0:0:0:0:1',to_date('26/07/20','DD/MM/RR'),to_date('26/07/20','DD/MM/RR'),null,'I',to_date('26/07/20','DD/MM/RR'),'1',to_date('26/07/20','DD/MM/RR'),'1');
Insert into VALID.ARQ_SESION (ARQ_SES_ID,ARQ_SES_ARQ_USR_ID,ARQ_SES_TIPO_ACCESO,ARQ_SES_IP,ARQ_SES_MAC,ARQ_SES_FECHA_ACCESO,ARQ_SES_FECHA_CIERRE,ARQ_SES_OBSERVACION,ARQ_SES_ESTADO,ARQ_SES_FECHA_CR,ARQ_SES_USR_ID_CR,ARQ_SES_FECHA_MD,ARQ_SES_USR_ID_MD) values ('62','1','null','0:0:0:0:0:0:0:1','0:0:0:0:0:0:0:1',to_date('26/07/20','DD/MM/RR'),to_date('26/07/20','DD/MM/RR'),null,'I',to_date('26/07/20','DD/MM/RR'),'1',to_date('26/07/20','DD/MM/RR'),'1');
Insert into VALID.ARQ_SESION (ARQ_SES_ID,ARQ_SES_ARQ_USR_ID,ARQ_SES_TIPO_ACCESO,ARQ_SES_IP,ARQ_SES_MAC,ARQ_SES_FECHA_ACCESO,ARQ_SES_FECHA_CIERRE,ARQ_SES_OBSERVACION,ARQ_SES_ESTADO,ARQ_SES_FECHA_CR,ARQ_SES_USR_ID_CR,ARQ_SES_FECHA_MD,ARQ_SES_USR_ID_MD) values ('63','1','null','0:0:0:0:0:0:0:1','0:0:0:0:0:0:0:1',to_date('26/07/20','DD/MM/RR'),to_date('26/07/20','DD/MM/RR'),null,'I',to_date('26/07/20','DD/MM/RR'),'1',to_date('26/07/20','DD/MM/RR'),'1');
Insert into VALID.ARQ_SESION (ARQ_SES_ID,ARQ_SES_ARQ_USR_ID,ARQ_SES_TIPO_ACCESO,ARQ_SES_IP,ARQ_SES_MAC,ARQ_SES_FECHA_ACCESO,ARQ_SES_FECHA_CIERRE,ARQ_SES_OBSERVACION,ARQ_SES_ESTADO,ARQ_SES_FECHA_CR,ARQ_SES_USR_ID_CR,ARQ_SES_FECHA_MD,ARQ_SES_USR_ID_MD) values ('64','1','null','0:0:0:0:0:0:0:1','0:0:0:0:0:0:0:1',to_date('26/07/20','DD/MM/RR'),to_date('26/07/20','DD/MM/RR'),null,'I',to_date('26/07/20','DD/MM/RR'),'1',to_date('26/07/20','DD/MM/RR'),'1');
Insert into VALID.ARQ_SESION (ARQ_SES_ID,ARQ_SES_ARQ_USR_ID,ARQ_SES_TIPO_ACCESO,ARQ_SES_IP,ARQ_SES_MAC,ARQ_SES_FECHA_ACCESO,ARQ_SES_FECHA_CIERRE,ARQ_SES_OBSERVACION,ARQ_SES_ESTADO,ARQ_SES_FECHA_CR,ARQ_SES_USR_ID_CR,ARQ_SES_FECHA_MD,ARQ_SES_USR_ID_MD) values ('65','1','null','0:0:0:0:0:0:0:1','0:0:0:0:0:0:0:1',to_date('26/07/20','DD/MM/RR'),to_date('26/07/20','DD/MM/RR'),null,'I',to_date('26/07/20','DD/MM/RR'),'1',to_date('26/07/20','DD/MM/RR'),'1');
Insert into VALID.ARQ_SESION (ARQ_SES_ID,ARQ_SES_ARQ_USR_ID,ARQ_SES_TIPO_ACCESO,ARQ_SES_IP,ARQ_SES_MAC,ARQ_SES_FECHA_ACCESO,ARQ_SES_FECHA_CIERRE,ARQ_SES_OBSERVACION,ARQ_SES_ESTADO,ARQ_SES_FECHA_CR,ARQ_SES_USR_ID_CR,ARQ_SES_FECHA_MD,ARQ_SES_USR_ID_MD) values ('66','1','null','0:0:0:0:0:0:0:1','0:0:0:0:0:0:0:1',to_date('26/07/20','DD/MM/RR'),to_date('26/07/20','DD/MM/RR'),null,'I',to_date('26/07/20','DD/MM/RR'),'1',to_date('26/07/20','DD/MM/RR'),'1');
Insert into VALID.ARQ_SESION (ARQ_SES_ID,ARQ_SES_ARQ_USR_ID,ARQ_SES_TIPO_ACCESO,ARQ_SES_IP,ARQ_SES_MAC,ARQ_SES_FECHA_ACCESO,ARQ_SES_FECHA_CIERRE,ARQ_SES_OBSERVACION,ARQ_SES_ESTADO,ARQ_SES_FECHA_CR,ARQ_SES_USR_ID_CR,ARQ_SES_FECHA_MD,ARQ_SES_USR_ID_MD) values ('67','1','null','0:0:0:0:0:0:0:1','0:0:0:0:0:0:0:1',to_date('26/07/20','DD/MM/RR'),to_date('26/07/20','DD/MM/RR'),null,'I',to_date('26/07/20','DD/MM/RR'),'1',to_date('26/07/20','DD/MM/RR'),'1');
Insert into VALID.ARQ_SESION (ARQ_SES_ID,ARQ_SES_ARQ_USR_ID,ARQ_SES_TIPO_ACCESO,ARQ_SES_IP,ARQ_SES_MAC,ARQ_SES_FECHA_ACCESO,ARQ_SES_FECHA_CIERRE,ARQ_SES_OBSERVACION,ARQ_SES_ESTADO,ARQ_SES_FECHA_CR,ARQ_SES_USR_ID_CR,ARQ_SES_FECHA_MD,ARQ_SES_USR_ID_MD) values ('68','1','null','0:0:0:0:0:0:0:1','0:0:0:0:0:0:0:1',to_date('26/07/20','DD/MM/RR'),to_date('26/07/20','DD/MM/RR'),null,'I',to_date('26/07/20','DD/MM/RR'),'1',to_date('26/07/20','DD/MM/RR'),'1');
Insert into VALID.ARQ_SESION (ARQ_SES_ID,ARQ_SES_ARQ_USR_ID,ARQ_SES_TIPO_ACCESO,ARQ_SES_IP,ARQ_SES_MAC,ARQ_SES_FECHA_ACCESO,ARQ_SES_FECHA_CIERRE,ARQ_SES_OBSERVACION,ARQ_SES_ESTADO,ARQ_SES_FECHA_CR,ARQ_SES_USR_ID_CR,ARQ_SES_FECHA_MD,ARQ_SES_USR_ID_MD) values ('69','1','null','0:0:0:0:0:0:0:1','0:0:0:0:0:0:0:1',to_date('26/07/20','DD/MM/RR'),to_date('26/07/20','DD/MM/RR'),null,'I',to_date('26/07/20','DD/MM/RR'),'1',to_date('26/07/20','DD/MM/RR'),'1');
Insert into VALID.ARQ_SESION (ARQ_SES_ID,ARQ_SES_ARQ_USR_ID,ARQ_SES_TIPO_ACCESO,ARQ_SES_IP,ARQ_SES_MAC,ARQ_SES_FECHA_ACCESO,ARQ_SES_FECHA_CIERRE,ARQ_SES_OBSERVACION,ARQ_SES_ESTADO,ARQ_SES_FECHA_CR,ARQ_SES_USR_ID_CR,ARQ_SES_FECHA_MD,ARQ_SES_USR_ID_MD) values ('70','1','null','0:0:0:0:0:0:0:1','0:0:0:0:0:0:0:1',to_date('26/07/20','DD/MM/RR'),to_date('26/07/20','DD/MM/RR'),null,'I',to_date('26/07/20','DD/MM/RR'),'1',to_date('26/07/20','DD/MM/RR'),'1');
Insert into VALID.ARQ_SESION (ARQ_SES_ID,ARQ_SES_ARQ_USR_ID,ARQ_SES_TIPO_ACCESO,ARQ_SES_IP,ARQ_SES_MAC,ARQ_SES_FECHA_ACCESO,ARQ_SES_FECHA_CIERRE,ARQ_SES_OBSERVACION,ARQ_SES_ESTADO,ARQ_SES_FECHA_CR,ARQ_SES_USR_ID_CR,ARQ_SES_FECHA_MD,ARQ_SES_USR_ID_MD) values ('71','1','null','0:0:0:0:0:0:0:1','0:0:0:0:0:0:0:1',to_date('26/07/20','DD/MM/RR'),to_date('04/09/20','DD/MM/RR'),null,'I',to_date('26/07/20','DD/MM/RR'),'1',to_date('04/09/20','DD/MM/RR'),'1');
Insert into VALID.ARQ_SESION (ARQ_SES_ID,ARQ_SES_ARQ_USR_ID,ARQ_SES_TIPO_ACCESO,ARQ_SES_IP,ARQ_SES_MAC,ARQ_SES_FECHA_ACCESO,ARQ_SES_FECHA_CIERRE,ARQ_SES_OBSERVACION,ARQ_SES_ESTADO,ARQ_SES_FECHA_CR,ARQ_SES_USR_ID_CR,ARQ_SES_FECHA_MD,ARQ_SES_USR_ID_MD) values ('53','1','null','0:0:0:0:0:0:0:1','0:0:0:0:0:0:0:1',to_date('26/07/20','DD/MM/RR'),to_date('26/07/20','DD/MM/RR'),null,'I',to_date('26/07/20','DD/MM/RR'),'1',to_date('26/07/20','DD/MM/RR'),'1');
Insert into VALID.ARQ_SESION (ARQ_SES_ID,ARQ_SES_ARQ_USR_ID,ARQ_SES_TIPO_ACCESO,ARQ_SES_IP,ARQ_SES_MAC,ARQ_SES_FECHA_ACCESO,ARQ_SES_FECHA_CIERRE,ARQ_SES_OBSERVACION,ARQ_SES_ESTADO,ARQ_SES_FECHA_CR,ARQ_SES_USR_ID_CR,ARQ_SES_FECHA_MD,ARQ_SES_USR_ID_MD) values ('60','1','null','0:0:0:0:0:0:0:1','0:0:0:0:0:0:0:1',to_date('26/07/20','DD/MM/RR'),to_date('26/07/20','DD/MM/RR'),null,'I',to_date('26/07/20','DD/MM/RR'),'1',to_date('26/07/20','DD/MM/RR'),'1');
Insert into VALID.ARQ_SESION (ARQ_SES_ID,ARQ_SES_ARQ_USR_ID,ARQ_SES_TIPO_ACCESO,ARQ_SES_IP,ARQ_SES_MAC,ARQ_SES_FECHA_ACCESO,ARQ_SES_FECHA_CIERRE,ARQ_SES_OBSERVACION,ARQ_SES_ESTADO,ARQ_SES_FECHA_CR,ARQ_SES_USR_ID_CR,ARQ_SES_FECHA_MD,ARQ_SES_USR_ID_MD) values ('61','1','null','0:0:0:0:0:0:0:1','0:0:0:0:0:0:0:1',to_date('26/07/20','DD/MM/RR'),to_date('26/07/20','DD/MM/RR'),null,'I',to_date('26/07/20','DD/MM/RR'),'1',to_date('26/07/20','DD/MM/RR'),'1');
Insert into VALID.ARQ_SESION (ARQ_SES_ID,ARQ_SES_ARQ_USR_ID,ARQ_SES_TIPO_ACCESO,ARQ_SES_IP,ARQ_SES_MAC,ARQ_SES_FECHA_ACCESO,ARQ_SES_FECHA_CIERRE,ARQ_SES_OBSERVACION,ARQ_SES_ESTADO,ARQ_SES_FECHA_CR,ARQ_SES_USR_ID_CR,ARQ_SES_FECHA_MD,ARQ_SES_USR_ID_MD) values ('7','1','null','0:0:0:0:0:0:0:1','0:0:0:0:0:0:0:1',to_date('26/07/20','DD/MM/RR'),to_date('26/07/20','DD/MM/RR'),null,'I',to_date('26/07/20','DD/MM/RR'),'1',to_date('26/07/20','DD/MM/RR'),'1');
Insert into VALID.ARQ_SESION (ARQ_SES_ID,ARQ_SES_ARQ_USR_ID,ARQ_SES_TIPO_ACCESO,ARQ_SES_IP,ARQ_SES_MAC,ARQ_SES_FECHA_ACCESO,ARQ_SES_FECHA_CIERRE,ARQ_SES_OBSERVACION,ARQ_SES_ESTADO,ARQ_SES_FECHA_CR,ARQ_SES_USR_ID_CR,ARQ_SES_FECHA_MD,ARQ_SES_USR_ID_MD) values ('8','1','null','0:0:0:0:0:0:0:1','0:0:0:0:0:0:0:1',to_date('26/07/20','DD/MM/RR'),to_date('26/07/20','DD/MM/RR'),null,'I',to_date('26/07/20','DD/MM/RR'),'1',to_date('26/07/20','DD/MM/RR'),'1');
Insert into VALID.ARQ_SESION (ARQ_SES_ID,ARQ_SES_ARQ_USR_ID,ARQ_SES_TIPO_ACCESO,ARQ_SES_IP,ARQ_SES_MAC,ARQ_SES_FECHA_ACCESO,ARQ_SES_FECHA_CIERRE,ARQ_SES_OBSERVACION,ARQ_SES_ESTADO,ARQ_SES_FECHA_CR,ARQ_SES_USR_ID_CR,ARQ_SES_FECHA_MD,ARQ_SES_USR_ID_MD) values ('9','1','null','0:0:0:0:0:0:0:1','0:0:0:0:0:0:0:1',to_date('26/07/20','DD/MM/RR'),to_date('26/07/20','DD/MM/RR'),null,'I',to_date('26/07/20','DD/MM/RR'),'1',to_date('26/07/20','DD/MM/RR'),'1');
Insert into VALID.ARQ_SESION (ARQ_SES_ID,ARQ_SES_ARQ_USR_ID,ARQ_SES_TIPO_ACCESO,ARQ_SES_IP,ARQ_SES_MAC,ARQ_SES_FECHA_ACCESO,ARQ_SES_FECHA_CIERRE,ARQ_SES_OBSERVACION,ARQ_SES_ESTADO,ARQ_SES_FECHA_CR,ARQ_SES_USR_ID_CR,ARQ_SES_FECHA_MD,ARQ_SES_USR_ID_MD) values ('10','1','null','0:0:0:0:0:0:0:1','0:0:0:0:0:0:0:1',to_date('26/07/20','DD/MM/RR'),to_date('26/07/20','DD/MM/RR'),null,'I',to_date('26/07/20','DD/MM/RR'),'1',to_date('26/07/20','DD/MM/RR'),'1');
Insert into VALID.ARQ_SESION (ARQ_SES_ID,ARQ_SES_ARQ_USR_ID,ARQ_SES_TIPO_ACCESO,ARQ_SES_IP,ARQ_SES_MAC,ARQ_SES_FECHA_ACCESO,ARQ_SES_FECHA_CIERRE,ARQ_SES_OBSERVACION,ARQ_SES_ESTADO,ARQ_SES_FECHA_CR,ARQ_SES_USR_ID_CR,ARQ_SES_FECHA_MD,ARQ_SES_USR_ID_MD) values ('11','1','null','0:0:0:0:0:0:0:1','0:0:0:0:0:0:0:1',to_date('26/07/20','DD/MM/RR'),to_date('26/07/20','DD/MM/RR'),null,'I',to_date('26/07/20','DD/MM/RR'),'1',to_date('26/07/20','DD/MM/RR'),'1');
Insert into VALID.ARQ_SESION (ARQ_SES_ID,ARQ_SES_ARQ_USR_ID,ARQ_SES_TIPO_ACCESO,ARQ_SES_IP,ARQ_SES_MAC,ARQ_SES_FECHA_ACCESO,ARQ_SES_FECHA_CIERRE,ARQ_SES_OBSERVACION,ARQ_SES_ESTADO,ARQ_SES_FECHA_CR,ARQ_SES_USR_ID_CR,ARQ_SES_FECHA_MD,ARQ_SES_USR_ID_MD) values ('12','1','null','0:0:0:0:0:0:0:1','0:0:0:0:0:0:0:1',to_date('26/07/20','DD/MM/RR'),to_date('26/07/20','DD/MM/RR'),null,'I',to_date('26/07/20','DD/MM/RR'),'1',to_date('26/07/20','DD/MM/RR'),'1');
Insert into VALID.ARQ_SESION (ARQ_SES_ID,ARQ_SES_ARQ_USR_ID,ARQ_SES_TIPO_ACCESO,ARQ_SES_IP,ARQ_SES_MAC,ARQ_SES_FECHA_ACCESO,ARQ_SES_FECHA_CIERRE,ARQ_SES_OBSERVACION,ARQ_SES_ESTADO,ARQ_SES_FECHA_CR,ARQ_SES_USR_ID_CR,ARQ_SES_FECHA_MD,ARQ_SES_USR_ID_MD) values ('13','1','null','0:0:0:0:0:0:0:1','0:0:0:0:0:0:0:1',to_date('26/07/20','DD/MM/RR'),to_date('26/07/20','DD/MM/RR'),null,'I',to_date('26/07/20','DD/MM/RR'),'1',to_date('26/07/20','DD/MM/RR'),'1');
Insert into VALID.ARQ_SESION (ARQ_SES_ID,ARQ_SES_ARQ_USR_ID,ARQ_SES_TIPO_ACCESO,ARQ_SES_IP,ARQ_SES_MAC,ARQ_SES_FECHA_ACCESO,ARQ_SES_FECHA_CIERRE,ARQ_SES_OBSERVACION,ARQ_SES_ESTADO,ARQ_SES_FECHA_CR,ARQ_SES_USR_ID_CR,ARQ_SES_FECHA_MD,ARQ_SES_USR_ID_MD) values ('14','1','null','0:0:0:0:0:0:0:1','0:0:0:0:0:0:0:1',to_date('26/07/20','DD/MM/RR'),to_date('26/07/20','DD/MM/RR'),null,'I',to_date('26/07/20','DD/MM/RR'),'1',to_date('26/07/20','DD/MM/RR'),'1');
Insert into VALID.ARQ_SESION (ARQ_SES_ID,ARQ_SES_ARQ_USR_ID,ARQ_SES_TIPO_ACCESO,ARQ_SES_IP,ARQ_SES_MAC,ARQ_SES_FECHA_ACCESO,ARQ_SES_FECHA_CIERRE,ARQ_SES_OBSERVACION,ARQ_SES_ESTADO,ARQ_SES_FECHA_CR,ARQ_SES_USR_ID_CR,ARQ_SES_FECHA_MD,ARQ_SES_USR_ID_MD) values ('15','1','null','0:0:0:0:0:0:0:1','0:0:0:0:0:0:0:1',to_date('26/07/20','DD/MM/RR'),to_date('26/07/20','DD/MM/RR'),null,'I',to_date('26/07/20','DD/MM/RR'),'1',to_date('26/07/20','DD/MM/RR'),'1');
Insert into VALID.ARQ_SESION (ARQ_SES_ID,ARQ_SES_ARQ_USR_ID,ARQ_SES_TIPO_ACCESO,ARQ_SES_IP,ARQ_SES_MAC,ARQ_SES_FECHA_ACCESO,ARQ_SES_FECHA_CIERRE,ARQ_SES_OBSERVACION,ARQ_SES_ESTADO,ARQ_SES_FECHA_CR,ARQ_SES_USR_ID_CR,ARQ_SES_FECHA_MD,ARQ_SES_USR_ID_MD) values ('18','1','null','0:0:0:0:0:0:0:1','0:0:0:0:0:0:0:1',to_date('26/07/20','DD/MM/RR'),to_date('26/07/20','DD/MM/RR'),null,'I',to_date('26/07/20','DD/MM/RR'),'1',to_date('26/07/20','DD/MM/RR'),'1');
Insert into VALID.ARQ_SESION (ARQ_SES_ID,ARQ_SES_ARQ_USR_ID,ARQ_SES_TIPO_ACCESO,ARQ_SES_IP,ARQ_SES_MAC,ARQ_SES_FECHA_ACCESO,ARQ_SES_FECHA_CIERRE,ARQ_SES_OBSERVACION,ARQ_SES_ESTADO,ARQ_SES_FECHA_CR,ARQ_SES_USR_ID_CR,ARQ_SES_FECHA_MD,ARQ_SES_USR_ID_MD) values ('28','1','null','0:0:0:0:0:0:0:1','0:0:0:0:0:0:0:1',to_date('26/07/20','DD/MM/RR'),to_date('26/07/20','DD/MM/RR'),null,'I',to_date('26/07/20','DD/MM/RR'),'1',to_date('26/07/20','DD/MM/RR'),'1');
Insert into VALID.ARQ_SESION (ARQ_SES_ID,ARQ_SES_ARQ_USR_ID,ARQ_SES_TIPO_ACCESO,ARQ_SES_IP,ARQ_SES_MAC,ARQ_SES_FECHA_ACCESO,ARQ_SES_FECHA_CIERRE,ARQ_SES_OBSERVACION,ARQ_SES_ESTADO,ARQ_SES_FECHA_CR,ARQ_SES_USR_ID_CR,ARQ_SES_FECHA_MD,ARQ_SES_USR_ID_MD) values ('29','1','null','0:0:0:0:0:0:0:1','0:0:0:0:0:0:0:1',to_date('26/07/20','DD/MM/RR'),to_date('26/07/20','DD/MM/RR'),null,'I',to_date('26/07/20','DD/MM/RR'),'1',to_date('26/07/20','DD/MM/RR'),'1');
Insert into VALID.ARQ_SESION (ARQ_SES_ID,ARQ_SES_ARQ_USR_ID,ARQ_SES_TIPO_ACCESO,ARQ_SES_IP,ARQ_SES_MAC,ARQ_SES_FECHA_ACCESO,ARQ_SES_FECHA_CIERRE,ARQ_SES_OBSERVACION,ARQ_SES_ESTADO,ARQ_SES_FECHA_CR,ARQ_SES_USR_ID_CR,ARQ_SES_FECHA_MD,ARQ_SES_USR_ID_MD) values ('30','1','null','0:0:0:0:0:0:0:1','0:0:0:0:0:0:0:1',to_date('26/07/20','DD/MM/RR'),to_date('26/07/20','DD/MM/RR'),null,'I',to_date('26/07/20','DD/MM/RR'),'1',to_date('26/07/20','DD/MM/RR'),'1');
Insert into VALID.ARQ_SESION (ARQ_SES_ID,ARQ_SES_ARQ_USR_ID,ARQ_SES_TIPO_ACCESO,ARQ_SES_IP,ARQ_SES_MAC,ARQ_SES_FECHA_ACCESO,ARQ_SES_FECHA_CIERRE,ARQ_SES_OBSERVACION,ARQ_SES_ESTADO,ARQ_SES_FECHA_CR,ARQ_SES_USR_ID_CR,ARQ_SES_FECHA_MD,ARQ_SES_USR_ID_MD) values ('31','1','null','0:0:0:0:0:0:0:1','0:0:0:0:0:0:0:1',to_date('26/07/20','DD/MM/RR'),to_date('26/07/20','DD/MM/RR'),null,'I',to_date('26/07/20','DD/MM/RR'),'1',to_date('26/07/20','DD/MM/RR'),'1');
Insert into VALID.ARQ_SESION (ARQ_SES_ID,ARQ_SES_ARQ_USR_ID,ARQ_SES_TIPO_ACCESO,ARQ_SES_IP,ARQ_SES_MAC,ARQ_SES_FECHA_ACCESO,ARQ_SES_FECHA_CIERRE,ARQ_SES_OBSERVACION,ARQ_SES_ESTADO,ARQ_SES_FECHA_CR,ARQ_SES_USR_ID_CR,ARQ_SES_FECHA_MD,ARQ_SES_USR_ID_MD) values ('32','1','null','0:0:0:0:0:0:0:1','0:0:0:0:0:0:0:1',to_date('26/07/20','DD/MM/RR'),to_date('26/07/20','DD/MM/RR'),null,'I',to_date('26/07/20','DD/MM/RR'),'1',to_date('26/07/20','DD/MM/RR'),'1');
Insert into VALID.ARQ_SESION (ARQ_SES_ID,ARQ_SES_ARQ_USR_ID,ARQ_SES_TIPO_ACCESO,ARQ_SES_IP,ARQ_SES_MAC,ARQ_SES_FECHA_ACCESO,ARQ_SES_FECHA_CIERRE,ARQ_SES_OBSERVACION,ARQ_SES_ESTADO,ARQ_SES_FECHA_CR,ARQ_SES_USR_ID_CR,ARQ_SES_FECHA_MD,ARQ_SES_USR_ID_MD) values ('33','1','null','0:0:0:0:0:0:0:1','0:0:0:0:0:0:0:1',to_date('26/07/20','DD/MM/RR'),to_date('26/07/20','DD/MM/RR'),null,'I',to_date('26/07/20','DD/MM/RR'),'1',to_date('26/07/20','DD/MM/RR'),'1');
Insert into VALID.ARQ_SESION (ARQ_SES_ID,ARQ_SES_ARQ_USR_ID,ARQ_SES_TIPO_ACCESO,ARQ_SES_IP,ARQ_SES_MAC,ARQ_SES_FECHA_ACCESO,ARQ_SES_FECHA_CIERRE,ARQ_SES_OBSERVACION,ARQ_SES_ESTADO,ARQ_SES_FECHA_CR,ARQ_SES_USR_ID_CR,ARQ_SES_FECHA_MD,ARQ_SES_USR_ID_MD) values ('34','1','null','0:0:0:0:0:0:0:1','0:0:0:0:0:0:0:1',to_date('26/07/20','DD/MM/RR'),to_date('26/07/20','DD/MM/RR'),null,'I',to_date('26/07/20','DD/MM/RR'),'1',to_date('26/07/20','DD/MM/RR'),'1');
Insert into VALID.ARQ_SESION (ARQ_SES_ID,ARQ_SES_ARQ_USR_ID,ARQ_SES_TIPO_ACCESO,ARQ_SES_IP,ARQ_SES_MAC,ARQ_SES_FECHA_ACCESO,ARQ_SES_FECHA_CIERRE,ARQ_SES_OBSERVACION,ARQ_SES_ESTADO,ARQ_SES_FECHA_CR,ARQ_SES_USR_ID_CR,ARQ_SES_FECHA_MD,ARQ_SES_USR_ID_MD) values ('35','1','null','0:0:0:0:0:0:0:1','0:0:0:0:0:0:0:1',to_date('26/07/20','DD/MM/RR'),to_date('26/07/20','DD/MM/RR'),null,'I',to_date('26/07/20','DD/MM/RR'),'1',to_date('26/07/20','DD/MM/RR'),'1');
Insert into VALID.ARQ_SESION (ARQ_SES_ID,ARQ_SES_ARQ_USR_ID,ARQ_SES_TIPO_ACCESO,ARQ_SES_IP,ARQ_SES_MAC,ARQ_SES_FECHA_ACCESO,ARQ_SES_FECHA_CIERRE,ARQ_SES_OBSERVACION,ARQ_SES_ESTADO,ARQ_SES_FECHA_CR,ARQ_SES_USR_ID_CR,ARQ_SES_FECHA_MD,ARQ_SES_USR_ID_MD) values ('36','1','null','0:0:0:0:0:0:0:1','0:0:0:0:0:0:0:1',to_date('26/07/20','DD/MM/RR'),to_date('26/07/20','DD/MM/RR'),null,'I',to_date('26/07/20','DD/MM/RR'),'1',to_date('26/07/20','DD/MM/RR'),'1');
Insert into VALID.ARQ_SESION (ARQ_SES_ID,ARQ_SES_ARQ_USR_ID,ARQ_SES_TIPO_ACCESO,ARQ_SES_IP,ARQ_SES_MAC,ARQ_SES_FECHA_ACCESO,ARQ_SES_FECHA_CIERRE,ARQ_SES_OBSERVACION,ARQ_SES_ESTADO,ARQ_SES_FECHA_CR,ARQ_SES_USR_ID_CR,ARQ_SES_FECHA_MD,ARQ_SES_USR_ID_MD) values ('37','1','null','0:0:0:0:0:0:0:1','0:0:0:0:0:0:0:1',to_date('26/07/20','DD/MM/RR'),to_date('26/07/20','DD/MM/RR'),null,'I',to_date('26/07/20','DD/MM/RR'),'1',to_date('26/07/20','DD/MM/RR'),'1');
Insert into VALID.ARQ_SESION (ARQ_SES_ID,ARQ_SES_ARQ_USR_ID,ARQ_SES_TIPO_ACCESO,ARQ_SES_IP,ARQ_SES_MAC,ARQ_SES_FECHA_ACCESO,ARQ_SES_FECHA_CIERRE,ARQ_SES_OBSERVACION,ARQ_SES_ESTADO,ARQ_SES_FECHA_CR,ARQ_SES_USR_ID_CR,ARQ_SES_FECHA_MD,ARQ_SES_USR_ID_MD) values ('38','1','null','0:0:0:0:0:0:0:1','0:0:0:0:0:0:0:1',to_date('26/07/20','DD/MM/RR'),to_date('26/07/20','DD/MM/RR'),null,'I',to_date('26/07/20','DD/MM/RR'),'1',to_date('26/07/20','DD/MM/RR'),'1');
Insert into VALID.ARQ_SESION (ARQ_SES_ID,ARQ_SES_ARQ_USR_ID,ARQ_SES_TIPO_ACCESO,ARQ_SES_IP,ARQ_SES_MAC,ARQ_SES_FECHA_ACCESO,ARQ_SES_FECHA_CIERRE,ARQ_SES_OBSERVACION,ARQ_SES_ESTADO,ARQ_SES_FECHA_CR,ARQ_SES_USR_ID_CR,ARQ_SES_FECHA_MD,ARQ_SES_USR_ID_MD) values ('39','1','null','0:0:0:0:0:0:0:1','0:0:0:0:0:0:0:1',to_date('26/07/20','DD/MM/RR'),to_date('26/07/20','DD/MM/RR'),null,'I',to_date('26/07/20','DD/MM/RR'),'1',to_date('26/07/20','DD/MM/RR'),'1');
Insert into VALID.ARQ_SESION (ARQ_SES_ID,ARQ_SES_ARQ_USR_ID,ARQ_SES_TIPO_ACCESO,ARQ_SES_IP,ARQ_SES_MAC,ARQ_SES_FECHA_ACCESO,ARQ_SES_FECHA_CIERRE,ARQ_SES_OBSERVACION,ARQ_SES_ESTADO,ARQ_SES_FECHA_CR,ARQ_SES_USR_ID_CR,ARQ_SES_FECHA_MD,ARQ_SES_USR_ID_MD) values ('40','1','null','0:0:0:0:0:0:0:1','0:0:0:0:0:0:0:1',to_date('26/07/20','DD/MM/RR'),to_date('26/07/20','DD/MM/RR'),null,'I',to_date('26/07/20','DD/MM/RR'),'1',to_date('26/07/20','DD/MM/RR'),'1');
Insert into VALID.ARQ_SESION (ARQ_SES_ID,ARQ_SES_ARQ_USR_ID,ARQ_SES_TIPO_ACCESO,ARQ_SES_IP,ARQ_SES_MAC,ARQ_SES_FECHA_ACCESO,ARQ_SES_FECHA_CIERRE,ARQ_SES_OBSERVACION,ARQ_SES_ESTADO,ARQ_SES_FECHA_CR,ARQ_SES_USR_ID_CR,ARQ_SES_FECHA_MD,ARQ_SES_USR_ID_MD) values ('41','1','null','0:0:0:0:0:0:0:1','0:0:0:0:0:0:0:1',to_date('26/07/20','DD/MM/RR'),to_date('26/07/20','DD/MM/RR'),null,'I',to_date('26/07/20','DD/MM/RR'),'1',to_date('26/07/20','DD/MM/RR'),'1');
Insert into VALID.ARQ_SESION (ARQ_SES_ID,ARQ_SES_ARQ_USR_ID,ARQ_SES_TIPO_ACCESO,ARQ_SES_IP,ARQ_SES_MAC,ARQ_SES_FECHA_ACCESO,ARQ_SES_FECHA_CIERRE,ARQ_SES_OBSERVACION,ARQ_SES_ESTADO,ARQ_SES_FECHA_CR,ARQ_SES_USR_ID_CR,ARQ_SES_FECHA_MD,ARQ_SES_USR_ID_MD) values ('42','1','null','0:0:0:0:0:0:0:1','0:0:0:0:0:0:0:1',to_date('26/07/20','DD/MM/RR'),to_date('26/07/20','DD/MM/RR'),null,'I',to_date('26/07/20','DD/MM/RR'),'1',to_date('26/07/20','DD/MM/RR'),'1');
Insert into VALID.ARQ_SESION (ARQ_SES_ID,ARQ_SES_ARQ_USR_ID,ARQ_SES_TIPO_ACCESO,ARQ_SES_IP,ARQ_SES_MAC,ARQ_SES_FECHA_ACCESO,ARQ_SES_FECHA_CIERRE,ARQ_SES_OBSERVACION,ARQ_SES_ESTADO,ARQ_SES_FECHA_CR,ARQ_SES_USR_ID_CR,ARQ_SES_FECHA_MD,ARQ_SES_USR_ID_MD) values ('43','1','null','0:0:0:0:0:0:0:1','0:0:0:0:0:0:0:1',to_date('26/07/20','DD/MM/RR'),to_date('26/07/20','DD/MM/RR'),null,'I',to_date('26/07/20','DD/MM/RR'),'1',to_date('26/07/20','DD/MM/RR'),'1');
Insert into VALID.ARQ_SESION (ARQ_SES_ID,ARQ_SES_ARQ_USR_ID,ARQ_SES_TIPO_ACCESO,ARQ_SES_IP,ARQ_SES_MAC,ARQ_SES_FECHA_ACCESO,ARQ_SES_FECHA_CIERRE,ARQ_SES_OBSERVACION,ARQ_SES_ESTADO,ARQ_SES_FECHA_CR,ARQ_SES_USR_ID_CR,ARQ_SES_FECHA_MD,ARQ_SES_USR_ID_MD) values ('44','1','null','0:0:0:0:0:0:0:1','0:0:0:0:0:0:0:1',to_date('26/07/20','DD/MM/RR'),to_date('26/07/20','DD/MM/RR'),null,'I',to_date('26/07/20','DD/MM/RR'),'1',to_date('26/07/20','DD/MM/RR'),'1');
Insert into VALID.ARQ_SESION (ARQ_SES_ID,ARQ_SES_ARQ_USR_ID,ARQ_SES_TIPO_ACCESO,ARQ_SES_IP,ARQ_SES_MAC,ARQ_SES_FECHA_ACCESO,ARQ_SES_FECHA_CIERRE,ARQ_SES_OBSERVACION,ARQ_SES_ESTADO,ARQ_SES_FECHA_CR,ARQ_SES_USR_ID_CR,ARQ_SES_FECHA_MD,ARQ_SES_USR_ID_MD) values ('45','1','null','0:0:0:0:0:0:0:1','0:0:0:0:0:0:0:1',to_date('26/07/20','DD/MM/RR'),to_date('26/07/20','DD/MM/RR'),null,'I',to_date('26/07/20','DD/MM/RR'),'1',to_date('26/07/20','DD/MM/RR'),'1');
Insert into VALID.ARQ_SESION (ARQ_SES_ID,ARQ_SES_ARQ_USR_ID,ARQ_SES_TIPO_ACCESO,ARQ_SES_IP,ARQ_SES_MAC,ARQ_SES_FECHA_ACCESO,ARQ_SES_FECHA_CIERRE,ARQ_SES_OBSERVACION,ARQ_SES_ESTADO,ARQ_SES_FECHA_CR,ARQ_SES_USR_ID_CR,ARQ_SES_FECHA_MD,ARQ_SES_USR_ID_MD) values ('46','1','null','0:0:0:0:0:0:0:1','0:0:0:0:0:0:0:1',to_date('26/07/20','DD/MM/RR'),to_date('26/07/20','DD/MM/RR'),null,'I',to_date('26/07/20','DD/MM/RR'),'1',to_date('26/07/20','DD/MM/RR'),'1');
Insert into VALID.ARQ_SESION (ARQ_SES_ID,ARQ_SES_ARQ_USR_ID,ARQ_SES_TIPO_ACCESO,ARQ_SES_IP,ARQ_SES_MAC,ARQ_SES_FECHA_ACCESO,ARQ_SES_FECHA_CIERRE,ARQ_SES_OBSERVACION,ARQ_SES_ESTADO,ARQ_SES_FECHA_CR,ARQ_SES_USR_ID_CR,ARQ_SES_FECHA_MD,ARQ_SES_USR_ID_MD) values ('47','1','null','0:0:0:0:0:0:0:1','0:0:0:0:0:0:0:1',to_date('26/07/20','DD/MM/RR'),to_date('26/07/20','DD/MM/RR'),null,'I',to_date('26/07/20','DD/MM/RR'),'1',to_date('26/07/20','DD/MM/RR'),'1');
Insert into VALID.ARQ_SESION (ARQ_SES_ID,ARQ_SES_ARQ_USR_ID,ARQ_SES_TIPO_ACCESO,ARQ_SES_IP,ARQ_SES_MAC,ARQ_SES_FECHA_ACCESO,ARQ_SES_FECHA_CIERRE,ARQ_SES_OBSERVACION,ARQ_SES_ESTADO,ARQ_SES_FECHA_CR,ARQ_SES_USR_ID_CR,ARQ_SES_FECHA_MD,ARQ_SES_USR_ID_MD) values ('1','1','null','0:0:0:0:0:0:0:1','0:0:0:0:0:0:0:1',to_date('26/07/20','DD/MM/RR'),to_date('26/07/20','DD/MM/RR'),null,'I',to_date('26/07/20','DD/MM/RR'),'1',to_date('26/07/20','DD/MM/RR'),'1');
Insert into VALID.ARQ_SESION (ARQ_SES_ID,ARQ_SES_ARQ_USR_ID,ARQ_SES_TIPO_ACCESO,ARQ_SES_IP,ARQ_SES_MAC,ARQ_SES_FECHA_ACCESO,ARQ_SES_FECHA_CIERRE,ARQ_SES_OBSERVACION,ARQ_SES_ESTADO,ARQ_SES_FECHA_CR,ARQ_SES_USR_ID_CR,ARQ_SES_FECHA_MD,ARQ_SES_USR_ID_MD) values ('2','1','null','0:0:0:0:0:0:0:1','0:0:0:0:0:0:0:1',to_date('26/07/20','DD/MM/RR'),to_date('26/07/20','DD/MM/RR'),null,'I',to_date('26/07/20','DD/MM/RR'),'1',to_date('26/07/20','DD/MM/RR'),'1');
Insert into VALID.ARQ_SESION (ARQ_SES_ID,ARQ_SES_ARQ_USR_ID,ARQ_SES_TIPO_ACCESO,ARQ_SES_IP,ARQ_SES_MAC,ARQ_SES_FECHA_ACCESO,ARQ_SES_FECHA_CIERRE,ARQ_SES_OBSERVACION,ARQ_SES_ESTADO,ARQ_SES_FECHA_CR,ARQ_SES_USR_ID_CR,ARQ_SES_FECHA_MD,ARQ_SES_USR_ID_MD) values ('3','1','null','0:0:0:0:0:0:0:1','0:0:0:0:0:0:0:1',to_date('26/07/20','DD/MM/RR'),to_date('26/07/20','DD/MM/RR'),null,'I',to_date('26/07/20','DD/MM/RR'),'1',to_date('26/07/20','DD/MM/RR'),'1');
Insert into VALID.ARQ_SESION (ARQ_SES_ID,ARQ_SES_ARQ_USR_ID,ARQ_SES_TIPO_ACCESO,ARQ_SES_IP,ARQ_SES_MAC,ARQ_SES_FECHA_ACCESO,ARQ_SES_FECHA_CIERRE,ARQ_SES_OBSERVACION,ARQ_SES_ESTADO,ARQ_SES_FECHA_CR,ARQ_SES_USR_ID_CR,ARQ_SES_FECHA_MD,ARQ_SES_USR_ID_MD) values ('4','1','null','0:0:0:0:0:0:0:1','0:0:0:0:0:0:0:1',to_date('26/07/20','DD/MM/RR'),to_date('26/07/20','DD/MM/RR'),null,'I',to_date('26/07/20','DD/MM/RR'),'1',to_date('26/07/20','DD/MM/RR'),'1');
Insert into VALID.ARQ_SESION (ARQ_SES_ID,ARQ_SES_ARQ_USR_ID,ARQ_SES_TIPO_ACCESO,ARQ_SES_IP,ARQ_SES_MAC,ARQ_SES_FECHA_ACCESO,ARQ_SES_FECHA_CIERRE,ARQ_SES_OBSERVACION,ARQ_SES_ESTADO,ARQ_SES_FECHA_CR,ARQ_SES_USR_ID_CR,ARQ_SES_FECHA_MD,ARQ_SES_USR_ID_MD) values ('5','1','null','0:0:0:0:0:0:0:1','0:0:0:0:0:0:0:1',to_date('26/07/20','DD/MM/RR'),to_date('26/07/20','DD/MM/RR'),null,'I',to_date('26/07/20','DD/MM/RR'),'1',to_date('26/07/20','DD/MM/RR'),'1');
Insert into VALID.ARQ_SESION (ARQ_SES_ID,ARQ_SES_ARQ_USR_ID,ARQ_SES_TIPO_ACCESO,ARQ_SES_IP,ARQ_SES_MAC,ARQ_SES_FECHA_ACCESO,ARQ_SES_FECHA_CIERRE,ARQ_SES_OBSERVACION,ARQ_SES_ESTADO,ARQ_SES_FECHA_CR,ARQ_SES_USR_ID_CR,ARQ_SES_FECHA_MD,ARQ_SES_USR_ID_MD) values ('6','1','null','0:0:0:0:0:0:0:1','0:0:0:0:0:0:0:1',to_date('26/07/20','DD/MM/RR'),to_date('26/07/20','DD/MM/RR'),null,'I',to_date('26/07/20','DD/MM/RR'),'1',to_date('26/07/20','DD/MM/RR'),'1');
Insert into VALID.ARQ_SESION (ARQ_SES_ID,ARQ_SES_ARQ_USR_ID,ARQ_SES_TIPO_ACCESO,ARQ_SES_IP,ARQ_SES_MAC,ARQ_SES_FECHA_ACCESO,ARQ_SES_FECHA_CIERRE,ARQ_SES_OBSERVACION,ARQ_SES_ESTADO,ARQ_SES_FECHA_CR,ARQ_SES_USR_ID_CR,ARQ_SES_FECHA_MD,ARQ_SES_USR_ID_MD) values ('16','1','null','0:0:0:0:0:0:0:1','0:0:0:0:0:0:0:1',to_date('26/07/20','DD/MM/RR'),to_date('26/07/20','DD/MM/RR'),null,'I',to_date('26/07/20','DD/MM/RR'),'1',to_date('26/07/20','DD/MM/RR'),'1');
Insert into VALID.ARQ_SESION (ARQ_SES_ID,ARQ_SES_ARQ_USR_ID,ARQ_SES_TIPO_ACCESO,ARQ_SES_IP,ARQ_SES_MAC,ARQ_SES_FECHA_ACCESO,ARQ_SES_FECHA_CIERRE,ARQ_SES_OBSERVACION,ARQ_SES_ESTADO,ARQ_SES_FECHA_CR,ARQ_SES_USR_ID_CR,ARQ_SES_FECHA_MD,ARQ_SES_USR_ID_MD) values ('17','1','null','0:0:0:0:0:0:0:1','0:0:0:0:0:0:0:1',to_date('26/07/20','DD/MM/RR'),to_date('26/07/20','DD/MM/RR'),null,'I',to_date('26/07/20','DD/MM/RR'),'1',to_date('26/07/20','DD/MM/RR'),'1');
Insert into VALID.ARQ_SESION (ARQ_SES_ID,ARQ_SES_ARQ_USR_ID,ARQ_SES_TIPO_ACCESO,ARQ_SES_IP,ARQ_SES_MAC,ARQ_SES_FECHA_ACCESO,ARQ_SES_FECHA_CIERRE,ARQ_SES_OBSERVACION,ARQ_SES_ESTADO,ARQ_SES_FECHA_CR,ARQ_SES_USR_ID_CR,ARQ_SES_FECHA_MD,ARQ_SES_USR_ID_MD) values ('51','1','null','0:0:0:0:0:0:0:1','0:0:0:0:0:0:0:1',to_date('26/07/20','DD/MM/RR'),to_date('26/07/20','DD/MM/RR'),null,'I',to_date('26/07/20','DD/MM/RR'),'1',to_date('26/07/20','DD/MM/RR'),'1');
Insert into VALID.ARQ_SESION (ARQ_SES_ID,ARQ_SES_ARQ_USR_ID,ARQ_SES_TIPO_ACCESO,ARQ_SES_IP,ARQ_SES_MAC,ARQ_SES_FECHA_ACCESO,ARQ_SES_FECHA_CIERRE,ARQ_SES_OBSERVACION,ARQ_SES_ESTADO,ARQ_SES_FECHA_CR,ARQ_SES_USR_ID_CR,ARQ_SES_FECHA_MD,ARQ_SES_USR_ID_MD) values ('52','1','null','0:0:0:0:0:0:0:1','0:0:0:0:0:0:0:1',to_date('26/07/20','DD/MM/RR'),to_date('26/07/20','DD/MM/RR'),null,'I',to_date('26/07/20','DD/MM/RR'),'1',to_date('26/07/20','DD/MM/RR'),'1');
Insert into VALID.ARQ_SESION (ARQ_SES_ID,ARQ_SES_ARQ_USR_ID,ARQ_SES_TIPO_ACCESO,ARQ_SES_IP,ARQ_SES_MAC,ARQ_SES_FECHA_ACCESO,ARQ_SES_FECHA_CIERRE,ARQ_SES_OBSERVACION,ARQ_SES_ESTADO,ARQ_SES_FECHA_CR,ARQ_SES_USR_ID_CR,ARQ_SES_FECHA_MD,ARQ_SES_USR_ID_MD) values ('54','1','null','0:0:0:0:0:0:0:1','0:0:0:0:0:0:0:1',to_date('26/07/20','DD/MM/RR'),to_date('26/07/20','DD/MM/RR'),null,'I',to_date('26/07/20','DD/MM/RR'),'1',to_date('26/07/20','DD/MM/RR'),'1');
Insert into VALID.ARQ_SESION (ARQ_SES_ID,ARQ_SES_ARQ_USR_ID,ARQ_SES_TIPO_ACCESO,ARQ_SES_IP,ARQ_SES_MAC,ARQ_SES_FECHA_ACCESO,ARQ_SES_FECHA_CIERRE,ARQ_SES_OBSERVACION,ARQ_SES_ESTADO,ARQ_SES_FECHA_CR,ARQ_SES_USR_ID_CR,ARQ_SES_FECHA_MD,ARQ_SES_USR_ID_MD) values ('55','1','null','0:0:0:0:0:0:0:1','0:0:0:0:0:0:0:1',to_date('26/07/20','DD/MM/RR'),to_date('26/07/20','DD/MM/RR'),null,'I',to_date('26/07/20','DD/MM/RR'),'1',to_date('26/07/20','DD/MM/RR'),'1');
Insert into VALID.ARQ_SESION (ARQ_SES_ID,ARQ_SES_ARQ_USR_ID,ARQ_SES_TIPO_ACCESO,ARQ_SES_IP,ARQ_SES_MAC,ARQ_SES_FECHA_ACCESO,ARQ_SES_FECHA_CIERRE,ARQ_SES_OBSERVACION,ARQ_SES_ESTADO,ARQ_SES_FECHA_CR,ARQ_SES_USR_ID_CR,ARQ_SES_FECHA_MD,ARQ_SES_USR_ID_MD) values ('56','1','null','0:0:0:0:0:0:0:1','0:0:0:0:0:0:0:1',to_date('26/07/20','DD/MM/RR'),to_date('26/07/20','DD/MM/RR'),null,'I',to_date('26/07/20','DD/MM/RR'),'1',to_date('26/07/20','DD/MM/RR'),'1');
Insert into VALID.ARQ_SESION (ARQ_SES_ID,ARQ_SES_ARQ_USR_ID,ARQ_SES_TIPO_ACCESO,ARQ_SES_IP,ARQ_SES_MAC,ARQ_SES_FECHA_ACCESO,ARQ_SES_FECHA_CIERRE,ARQ_SES_OBSERVACION,ARQ_SES_ESTADO,ARQ_SES_FECHA_CR,ARQ_SES_USR_ID_CR,ARQ_SES_FECHA_MD,ARQ_SES_USR_ID_MD) values ('57','1','null','0:0:0:0:0:0:0:1','0:0:0:0:0:0:0:1',to_date('26/07/20','DD/MM/RR'),to_date('26/07/20','DD/MM/RR'),null,'I',to_date('26/07/20','DD/MM/RR'),'1',to_date('26/07/20','DD/MM/RR'),'1');
Insert into VALID.ARQ_SESION (ARQ_SES_ID,ARQ_SES_ARQ_USR_ID,ARQ_SES_TIPO_ACCESO,ARQ_SES_IP,ARQ_SES_MAC,ARQ_SES_FECHA_ACCESO,ARQ_SES_FECHA_CIERRE,ARQ_SES_OBSERVACION,ARQ_SES_ESTADO,ARQ_SES_FECHA_CR,ARQ_SES_USR_ID_CR,ARQ_SES_FECHA_MD,ARQ_SES_USR_ID_MD) values ('58','1','null','0:0:0:0:0:0:0:1','0:0:0:0:0:0:0:1',to_date('26/07/20','DD/MM/RR'),to_date('26/07/20','DD/MM/RR'),null,'I',to_date('26/07/20','DD/MM/RR'),'1',to_date('26/07/20','DD/MM/RR'),'1');
Insert into VALID.ARQ_SESION (ARQ_SES_ID,ARQ_SES_ARQ_USR_ID,ARQ_SES_TIPO_ACCESO,ARQ_SES_IP,ARQ_SES_MAC,ARQ_SES_FECHA_ACCESO,ARQ_SES_FECHA_CIERRE,ARQ_SES_OBSERVACION,ARQ_SES_ESTADO,ARQ_SES_FECHA_CR,ARQ_SES_USR_ID_CR,ARQ_SES_FECHA_MD,ARQ_SES_USR_ID_MD) values ('59','1','null','0:0:0:0:0:0:0:1','0:0:0:0:0:0:0:1',to_date('26/07/20','DD/MM/RR'),to_date('26/07/20','DD/MM/RR'),null,'I',to_date('26/07/20','DD/MM/RR'),'1',to_date('26/07/20','DD/MM/RR'),'1');
Insert into VALID.ARQ_SESION (ARQ_SES_ID,ARQ_SES_ARQ_USR_ID,ARQ_SES_TIPO_ACCESO,ARQ_SES_IP,ARQ_SES_MAC,ARQ_SES_FECHA_ACCESO,ARQ_SES_FECHA_CIERRE,ARQ_SES_OBSERVACION,ARQ_SES_ESTADO,ARQ_SES_FECHA_CR,ARQ_SES_USR_ID_CR,ARQ_SES_FECHA_MD,ARQ_SES_USR_ID_MD) values ('95','1','null','0:0:0:0:0:0:0:1','0:0:0:0:0:0:0:1',to_date('05/09/20','DD/MM/RR'),to_date('05/09/20','DD/MM/RR'),null,'I',to_date('05/09/20','DD/MM/RR'),'1',to_date('05/09/20','DD/MM/RR'),'1');
Insert into VALID.ARQ_SESION (ARQ_SES_ID,ARQ_SES_ARQ_USR_ID,ARQ_SES_TIPO_ACCESO,ARQ_SES_IP,ARQ_SES_MAC,ARQ_SES_FECHA_ACCESO,ARQ_SES_FECHA_CIERRE,ARQ_SES_OBSERVACION,ARQ_SES_ESTADO,ARQ_SES_FECHA_CR,ARQ_SES_USR_ID_CR,ARQ_SES_FECHA_MD,ARQ_SES_USR_ID_MD) values ('96','1','null','0:0:0:0:0:0:0:1','0:0:0:0:0:0:0:1',to_date('05/09/20','DD/MM/RR'),to_date('05/09/20','DD/MM/RR'),null,'I',to_date('05/09/20','DD/MM/RR'),'1',to_date('05/09/20','DD/MM/RR'),'1');
Insert into VALID.ARQ_SESION (ARQ_SES_ID,ARQ_SES_ARQ_USR_ID,ARQ_SES_TIPO_ACCESO,ARQ_SES_IP,ARQ_SES_MAC,ARQ_SES_FECHA_ACCESO,ARQ_SES_FECHA_CIERRE,ARQ_SES_OBSERVACION,ARQ_SES_ESTADO,ARQ_SES_FECHA_CR,ARQ_SES_USR_ID_CR,ARQ_SES_FECHA_MD,ARQ_SES_USR_ID_MD) values ('97','4','null','0:0:0:0:0:0:0:1','0:0:0:0:0:0:0:1',to_date('05/09/20','DD/MM/RR'),to_date('05/09/20','DD/MM/RR'),null,'I',to_date('05/09/20','DD/MM/RR'),'4',to_date('05/09/20','DD/MM/RR'),'4');
Insert into VALID.ARQ_SESION (ARQ_SES_ID,ARQ_SES_ARQ_USR_ID,ARQ_SES_TIPO_ACCESO,ARQ_SES_IP,ARQ_SES_MAC,ARQ_SES_FECHA_ACCESO,ARQ_SES_FECHA_CIERRE,ARQ_SES_OBSERVACION,ARQ_SES_ESTADO,ARQ_SES_FECHA_CR,ARQ_SES_USR_ID_CR,ARQ_SES_FECHA_MD,ARQ_SES_USR_ID_MD) values ('178','1','null','0:0:0:0:0:0:0:1','0:0:0:0:0:0:0:1',to_date('05/09/20','DD/MM/RR'),to_date('05/09/20','DD/MM/RR'),null,'I',to_date('05/09/20','DD/MM/RR'),'1',to_date('05/09/20','DD/MM/RR'),'1');
Insert into VALID.ARQ_SESION (ARQ_SES_ID,ARQ_SES_ARQ_USR_ID,ARQ_SES_TIPO_ACCESO,ARQ_SES_IP,ARQ_SES_MAC,ARQ_SES_FECHA_ACCESO,ARQ_SES_FECHA_CIERRE,ARQ_SES_OBSERVACION,ARQ_SES_ESTADO,ARQ_SES_FECHA_CR,ARQ_SES_USR_ID_CR,ARQ_SES_FECHA_MD,ARQ_SES_USR_ID_MD) values ('179','1','null','0:0:0:0:0:0:0:1','0:0:0:0:0:0:0:1',to_date('05/09/20','DD/MM/RR'),to_date('05/09/20','DD/MM/RR'),null,'I',to_date('05/09/20','DD/MM/RR'),'1',to_date('05/09/20','DD/MM/RR'),'1');
Insert into VALID.ARQ_SESION (ARQ_SES_ID,ARQ_SES_ARQ_USR_ID,ARQ_SES_TIPO_ACCESO,ARQ_SES_IP,ARQ_SES_MAC,ARQ_SES_FECHA_ACCESO,ARQ_SES_FECHA_CIERRE,ARQ_SES_OBSERVACION,ARQ_SES_ESTADO,ARQ_SES_FECHA_CR,ARQ_SES_USR_ID_CR,ARQ_SES_FECHA_MD,ARQ_SES_USR_ID_MD) values ('183','1','null','0:0:0:0:0:0:0:1','0:0:0:0:0:0:0:1',to_date('06/09/20','DD/MM/RR'),to_date('06/09/20','DD/MM/RR'),null,'I',to_date('06/09/20','DD/MM/RR'),'1',to_date('06/09/20','DD/MM/RR'),'1');
Insert into VALID.ARQ_SESION (ARQ_SES_ID,ARQ_SES_ARQ_USR_ID,ARQ_SES_TIPO_ACCESO,ARQ_SES_IP,ARQ_SES_MAC,ARQ_SES_FECHA_ACCESO,ARQ_SES_FECHA_CIERRE,ARQ_SES_OBSERVACION,ARQ_SES_ESTADO,ARQ_SES_FECHA_CR,ARQ_SES_USR_ID_CR,ARQ_SES_FECHA_MD,ARQ_SES_USR_ID_MD) values ('196','1','null','0:0:0:0:0:0:0:1','0:0:0:0:0:0:0:1',to_date('06/09/20','DD/MM/RR'),to_date('06/09/20','DD/MM/RR'),null,'I',to_date('06/09/20','DD/MM/RR'),'1',to_date('06/09/20','DD/MM/RR'),'1');
Insert into VALID.ARQ_SESION (ARQ_SES_ID,ARQ_SES_ARQ_USR_ID,ARQ_SES_TIPO_ACCESO,ARQ_SES_IP,ARQ_SES_MAC,ARQ_SES_FECHA_ACCESO,ARQ_SES_FECHA_CIERRE,ARQ_SES_OBSERVACION,ARQ_SES_ESTADO,ARQ_SES_FECHA_CR,ARQ_SES_USR_ID_CR,ARQ_SES_FECHA_MD,ARQ_SES_USR_ID_MD) values ('197','1','null','0:0:0:0:0:0:0:1','0:0:0:0:0:0:0:1',to_date('06/09/20','DD/MM/RR'),to_date('06/09/20','DD/MM/RR'),null,'I',to_date('06/09/20','DD/MM/RR'),'1',to_date('06/09/20','DD/MM/RR'),'1');
Insert into VALID.ARQ_SESION (ARQ_SES_ID,ARQ_SES_ARQ_USR_ID,ARQ_SES_TIPO_ACCESO,ARQ_SES_IP,ARQ_SES_MAC,ARQ_SES_FECHA_ACCESO,ARQ_SES_FECHA_CIERRE,ARQ_SES_OBSERVACION,ARQ_SES_ESTADO,ARQ_SES_FECHA_CR,ARQ_SES_USR_ID_CR,ARQ_SES_FECHA_MD,ARQ_SES_USR_ID_MD) values ('198','1','null','0:0:0:0:0:0:0:1','0:0:0:0:0:0:0:1',to_date('06/09/20','DD/MM/RR'),to_date('06/09/20','DD/MM/RR'),null,'I',to_date('06/09/20','DD/MM/RR'),'1',to_date('06/09/20','DD/MM/RR'),'1');
Insert into VALID.ARQ_SESION (ARQ_SES_ID,ARQ_SES_ARQ_USR_ID,ARQ_SES_TIPO_ACCESO,ARQ_SES_IP,ARQ_SES_MAC,ARQ_SES_FECHA_ACCESO,ARQ_SES_FECHA_CIERRE,ARQ_SES_OBSERVACION,ARQ_SES_ESTADO,ARQ_SES_FECHA_CR,ARQ_SES_USR_ID_CR,ARQ_SES_FECHA_MD,ARQ_SES_USR_ID_MD) values ('202','1','null','0:0:0:0:0:0:0:1','0:0:0:0:0:0:0:1',to_date('06/09/20','DD/MM/RR'),to_date('06/09/20','DD/MM/RR'),null,'I',to_date('06/09/20','DD/MM/RR'),'1',to_date('06/09/20','DD/MM/RR'),'1');
REM INSERTING into VALID.ARQ_USUARIO
SET DEFINE OFF;
Insert into VALID.ARQ_USUARIO (ARQ_USR_ID,ARQ_USR_USUARIO,ARQ_USR_CLAVE,ARQ_USR_LDAP,ARQ_USR_NOMBRE,ARQ_USR_LOGIN,ARQ_USR_ESTADO,ARQ_USR_FECHA_CR,ARQ_USR_USR_ID_CR,ARQ_USR_FECHA_MD,ARQ_USR_USR_ID_MD) values ('4','EOROZCO','12345','0','EDINSON OROZCO GONZLEZ','1','A',to_date('04/09/20','DD/MM/RR'),'1',to_date('06/09/20','DD/MM/RR'),'1');
Insert into VALID.ARQ_USUARIO (ARQ_USR_ID,ARQ_USR_USUARIO,ARQ_USR_CLAVE,ARQ_USR_LDAP,ARQ_USR_NOMBRE,ARQ_USR_LOGIN,ARQ_USR_ESTADO,ARQ_USR_FECHA_CR,ARQ_USR_USR_ID_CR,ARQ_USR_FECHA_MD,ARQ_USR_USR_ID_MD) values ('1','ADMIN','admin','0','SUPER ADMINISTRADOR','0','A',to_date('25/07/20','DD/MM/RR'),'1',to_date('06/09/20','DD/MM/RR'),'1');
REM INSERTING into VALID.ARQ_USUARIO_ROL
SET DEFINE OFF;
Insert into VALID.ARQ_USUARIO_ROL (ARQ_USR_ROL_ID,ARQ_USR_ROL_ARQ_USR_ID,ARQ_USR_ROL_ARQ_ROL_ID,ARQ_USR_ROL_ESTADO,ARQ_USR_ROL_FECHA_CR,ARQ_USR_ROL_USR_ID_CR,ARQ_USR_ROL_FECHA_MD,ARQ_USR_ROL_USR_ID_MD) values ('45','4','2','A',to_date('06/09/20','DD/MM/RR'),'1',to_date('06/09/20','DD/MM/RR'),'1');
Insert into VALID.ARQ_USUARIO_ROL (ARQ_USR_ROL_ID,ARQ_USR_ROL_ARQ_USR_ID,ARQ_USR_ROL_ARQ_ROL_ID,ARQ_USR_ROL_ESTADO,ARQ_USR_ROL_FECHA_CR,ARQ_USR_ROL_USR_ID_CR,ARQ_USR_ROL_FECHA_MD,ARQ_USR_ROL_USR_ID_MD) values ('1','1','1','A',to_date('25/07/20','DD/MM/RR'),'1',to_date('25/07/20','DD/MM/RR'),'1');
REM INSERTING into VALID.REG_REGISTRO
SET DEFINE OFF;
Insert into VALID.REG_REGISTRO (REG_ID,REG_NOMBRES,REG_APELLIDOS,REG_PROCESADO) values ('202096466000000000000000000','Edinson','Orozco Gonzalez','true');
Insert into VALID.REG_REGISTRO (REG_ID,REG_NOMBRES,REG_APELLIDOS,REG_PROCESADO) values ('202096509100000000000000000','Yoselin','Machado','true');
Insert into VALID.REG_REGISTRO (REG_ID,REG_NOMBRES,REG_APELLIDOS,REG_PROCESADO) values ('202096169200000000000000000','Dinach','Orozco Machado','true');
Insert into VALID.REG_REGISTRO (REG_ID,REG_NOMBRES,REG_APELLIDOS,REG_PROCESADO) values ('202096090800000000000000000','Felicia','Orozco Machado','true');
Insert into VALID.REG_REGISTRO (REG_ID,REG_NOMBRES,REG_APELLIDOS,REG_PROCESADO) values ('202096318300000000000000000','Carlos','Perez','true');
Insert into VALID.REG_REGISTRO (REG_ID,REG_NOMBRES,REG_APELLIDOS,REG_PROCESADO) values ('202096763100000000000000000','Julian','Lopez','true');
--------------------------------------------------------
--  DDL for Index ARQ_ACCION_PK
--------------------------------------------------------

  CREATE UNIQUE INDEX "VALID"."ARQ_ACCION_PK" ON "VALID"."ARQ_ACCION" ("ARQ_ACC_ID") 
  PCTFREE 10 INITRANS 2 MAXTRANS 255 COMPUTE STATISTICS 
  STORAGE(INITIAL 65536 NEXT 1048576 MINEXTENTS 1 MAXEXTENTS 2147483645
  PCTINCREASE 0 FREELISTS 1 FREELIST GROUPS 1 BUFFER_POOL DEFAULT FLASH_CACHE DEFAULT CELL_FLASH_CACHE DEFAULT)
  TABLESPACE "USERS" ;
--------------------------------------------------------
--  DDL for Index ARQ_AUDITORIA_PK
--------------------------------------------------------

  CREATE UNIQUE INDEX "VALID"."ARQ_AUDITORIA_PK" ON "VALID"."ARQ_AUDITORIA" ("ARQ_AUD_ID") 
  PCTFREE 10 INITRANS 2 MAXTRANS 255 COMPUTE STATISTICS 
  STORAGE(INITIAL 65536 NEXT 1048576 MINEXTENTS 1 MAXEXTENTS 2147483645
  PCTINCREASE 0 FREELISTS 1 FREELIST GROUPS 1 BUFFER_POOL DEFAULT FLASH_CACHE DEFAULT CELL_FLASH_CACHE DEFAULT)
  TABLESPACE "USERS" ;
--------------------------------------------------------
--  DDL for Index ARQ_CONFIGURACION_PK
--------------------------------------------------------

  CREATE UNIQUE INDEX "VALID"."ARQ_CONFIGURACION_PK" ON "VALID"."ARQ_CONFIGURACION" ("ARQ_CNF_ID") 
  PCTFREE 10 INITRANS 2 MAXTRANS 255 COMPUTE STATISTICS 
  STORAGE(INITIAL 65536 NEXT 1048576 MINEXTENTS 1 MAXEXTENTS 2147483645
  PCTINCREASE 0 FREELISTS 1 FREELIST GROUPS 1 BUFFER_POOL DEFAULT FLASH_CACHE DEFAULT CELL_FLASH_CACHE DEFAULT)
  TABLESPACE "USERS" ;
--------------------------------------------------------
--  DDL for Index ARQ_MODULO_PK
--------------------------------------------------------

  CREATE UNIQUE INDEX "VALID"."ARQ_MODULO_PK" ON "VALID"."ARQ_MODULO" ("ARQ_MOD_ID") 
  PCTFREE 10 INITRANS 2 MAXTRANS 255 COMPUTE STATISTICS 
  STORAGE(INITIAL 65536 NEXT 1048576 MINEXTENTS 1 MAXEXTENTS 2147483645
  PCTINCREASE 0 FREELISTS 1 FREELIST GROUPS 1 BUFFER_POOL DEFAULT FLASH_CACHE DEFAULT CELL_FLASH_CACHE DEFAULT)
  TABLESPACE "USERS" ;
--------------------------------------------------------
--  DDL for Index ARQ_ROL_ACCION_PK
--------------------------------------------------------

  CREATE UNIQUE INDEX "VALID"."ARQ_ROL_ACCION_PK" ON "VALID"."ARQ_ROL_ACCION" ("ARQ_ROL_ACC_ID") 
  PCTFREE 10 INITRANS 2 MAXTRANS 255 COMPUTE STATISTICS 
  STORAGE(INITIAL 65536 NEXT 1048576 MINEXTENTS 1 MAXEXTENTS 2147483645
  PCTINCREASE 0 FREELISTS 1 FREELIST GROUPS 1 BUFFER_POOL DEFAULT FLASH_CACHE DEFAULT CELL_FLASH_CACHE DEFAULT)
  TABLESPACE "USERS" ;
--------------------------------------------------------
--  DDL for Index ARQ_ROL_PK
--------------------------------------------------------

  CREATE UNIQUE INDEX "VALID"."ARQ_ROL_PK" ON "VALID"."ARQ_ROL" ("ARQ_ROL_ID") 
  PCTFREE 10 INITRANS 2 MAXTRANS 255 COMPUTE STATISTICS 
  STORAGE(INITIAL 65536 NEXT 1048576 MINEXTENTS 1 MAXEXTENTS 2147483645
  PCTINCREASE 0 FREELISTS 1 FREELIST GROUPS 1 BUFFER_POOL DEFAULT FLASH_CACHE DEFAULT CELL_FLASH_CACHE DEFAULT)
  TABLESPACE "USERS" ;
--------------------------------------------------------
--  DDL for Index ARQ_SESION_PK
--------------------------------------------------------

  CREATE UNIQUE INDEX "VALID"."ARQ_SESION_PK" ON "VALID"."ARQ_SESION" ("ARQ_SES_ID") 
  PCTFREE 10 INITRANS 2 MAXTRANS 255 COMPUTE STATISTICS 
  STORAGE(INITIAL 65536 NEXT 1048576 MINEXTENTS 1 MAXEXTENTS 2147483645
  PCTINCREASE 0 FREELISTS 1 FREELIST GROUPS 1 BUFFER_POOL DEFAULT FLASH_CACHE DEFAULT CELL_FLASH_CACHE DEFAULT)
  TABLESPACE "USERS" ;
--------------------------------------------------------
--  DDL for Index ARQ_USUARIO_PK
--------------------------------------------------------

  CREATE UNIQUE INDEX "VALID"."ARQ_USUARIO_PK" ON "VALID"."ARQ_USUARIO" ("ARQ_USR_ID") 
  PCTFREE 10 INITRANS 2 MAXTRANS 255 COMPUTE STATISTICS 
  STORAGE(INITIAL 65536 NEXT 1048576 MINEXTENTS 1 MAXEXTENTS 2147483645
  PCTINCREASE 0 FREELISTS 1 FREELIST GROUPS 1 BUFFER_POOL DEFAULT FLASH_CACHE DEFAULT CELL_FLASH_CACHE DEFAULT)
  TABLESPACE "USERS" ;
--------------------------------------------------------
--  DDL for Index ARQ_USUARIO_ROL_PK
--------------------------------------------------------

  CREATE UNIQUE INDEX "VALID"."ARQ_USUARIO_ROL_PK" ON "VALID"."ARQ_USUARIO_ROL" ("ARQ_USR_ROL_ID") 
  PCTFREE 10 INITRANS 2 MAXTRANS 255 COMPUTE STATISTICS 
  STORAGE(INITIAL 65536 NEXT 1048576 MINEXTENTS 1 MAXEXTENTS 2147483645
  PCTINCREASE 0 FREELISTS 1 FREELIST GROUPS 1 BUFFER_POOL DEFAULT FLASH_CACHE DEFAULT CELL_FLASH_CACHE DEFAULT)
  TABLESPACE "USERS" ;
--------------------------------------------------------
--  DDL for Index REG_REGISTRO_PK
--------------------------------------------------------

  CREATE UNIQUE INDEX "VALID"."REG_REGISTRO_PK" ON "VALID"."REG_REGISTRO" ("REG_ID") 
  PCTFREE 10 INITRANS 2 MAXTRANS 255 COMPUTE STATISTICS 
  STORAGE(INITIAL 65536 NEXT 1048576 MINEXTENTS 1 MAXEXTENTS 2147483645
  PCTINCREASE 0 FREELISTS 1 FREELIST GROUPS 1 BUFFER_POOL DEFAULT FLASH_CACHE DEFAULT CELL_FLASH_CACHE DEFAULT)
  TABLESPACE "USERS" ;
--------------------------------------------------------
--  DDL for Index REG_REGISTRO_UK1
--------------------------------------------------------

  CREATE UNIQUE INDEX "VALID"."REG_REGISTRO_UK1" ON "VALID"."REG_REGISTRO" ("REG_NOMBRES", "REG_APELLIDOS") 
  PCTFREE 10 INITRANS 2 MAXTRANS 255 COMPUTE STATISTICS 
  STORAGE(INITIAL 65536 NEXT 1048576 MINEXTENTS 1 MAXEXTENTS 2147483645
  PCTINCREASE 0 FREELISTS 1 FREELIST GROUPS 1 BUFFER_POOL DEFAULT FLASH_CACHE DEFAULT CELL_FLASH_CACHE DEFAULT)
  TABLESPACE "USERS" ;
--------------------------------------------------------
--  DDL for Index UK_ARQ_ACC
--------------------------------------------------------

  CREATE UNIQUE INDEX "VALID"."UK_ARQ_ACC" ON "VALID"."ARQ_ACCION" ("ARQ_ACC_ARQ_MOD_ID", "ARQ_ACC_NOMBRE") 
  PCTFREE 10 INITRANS 2 MAXTRANS 255 COMPUTE STATISTICS 
  STORAGE(INITIAL 65536 NEXT 1048576 MINEXTENTS 1 MAXEXTENTS 2147483645
  PCTINCREASE 0 FREELISTS 1 FREELIST GROUPS 1 BUFFER_POOL DEFAULT FLASH_CACHE DEFAULT CELL_FLASH_CACHE DEFAULT)
  TABLESPACE "USERS" ;
--------------------------------------------------------
--  DDL for Index UK_ARQ_CNF
--------------------------------------------------------

  CREATE UNIQUE INDEX "VALID"."UK_ARQ_CNF" ON "VALID"."ARQ_CONFIGURACION" ("ARQ_CNF_NOMBRE") 
  PCTFREE 10 INITRANS 2 MAXTRANS 255 COMPUTE STATISTICS 
  STORAGE(INITIAL 65536 NEXT 1048576 MINEXTENTS 1 MAXEXTENTS 2147483645
  PCTINCREASE 0 FREELISTS 1 FREELIST GROUPS 1 BUFFER_POOL DEFAULT FLASH_CACHE DEFAULT CELL_FLASH_CACHE DEFAULT)
  TABLESPACE "USERS" ;
--------------------------------------------------------
--  DDL for Index UK_ARQ_MOD
--------------------------------------------------------

  CREATE UNIQUE INDEX "VALID"."UK_ARQ_MOD" ON "VALID"."ARQ_MODULO" ("ARQ_MOD_NOMBRE") 
  PCTFREE 10 INITRANS 2 MAXTRANS 255 COMPUTE STATISTICS 
  STORAGE(INITIAL 65536 NEXT 1048576 MINEXTENTS 1 MAXEXTENTS 2147483645
  PCTINCREASE 0 FREELISTS 1 FREELIST GROUPS 1 BUFFER_POOL DEFAULT FLASH_CACHE DEFAULT CELL_FLASH_CACHE DEFAULT)
  TABLESPACE "USERS" ;
--------------------------------------------------------
--  DDL for Index UK_ARQ_ROL
--------------------------------------------------------

  CREATE UNIQUE INDEX "VALID"."UK_ARQ_ROL" ON "VALID"."ARQ_ROL" ("ARQ_ROL_NOMBRE") 
  PCTFREE 10 INITRANS 2 MAXTRANS 255 COMPUTE STATISTICS 
  STORAGE(INITIAL 65536 NEXT 1048576 MINEXTENTS 1 MAXEXTENTS 2147483645
  PCTINCREASE 0 FREELISTS 1 FREELIST GROUPS 1 BUFFER_POOL DEFAULT FLASH_CACHE DEFAULT CELL_FLASH_CACHE DEFAULT)
  TABLESPACE "USERS" ;
--------------------------------------------------------
--  DDL for Index UK_ARQ_ROL_ACC
--------------------------------------------------------

  CREATE UNIQUE INDEX "VALID"."UK_ARQ_ROL_ACC" ON "VALID"."ARQ_ROL_ACCION" ("ARQ_ROL_ACC_ARQ_ROL_ID", "ARQ_ROL_ACC_ARQ_ACC_ID") 
  PCTFREE 10 INITRANS 2 MAXTRANS 255 COMPUTE STATISTICS 
  STORAGE(INITIAL 65536 NEXT 1048576 MINEXTENTS 1 MAXEXTENTS 2147483645
  PCTINCREASE 0 FREELISTS 1 FREELIST GROUPS 1 BUFFER_POOL DEFAULT FLASH_CACHE DEFAULT CELL_FLASH_CACHE DEFAULT)
  TABLESPACE "USERS" ;
--------------------------------------------------------
--  DDL for Index UK_ARQ_USR
--------------------------------------------------------

  CREATE UNIQUE INDEX "VALID"."UK_ARQ_USR" ON "VALID"."ARQ_USUARIO" ("ARQ_USR_USUARIO") 
  PCTFREE 10 INITRANS 2 MAXTRANS 255 COMPUTE STATISTICS 
  STORAGE(INITIAL 65536 NEXT 1048576 MINEXTENTS 1 MAXEXTENTS 2147483645
  PCTINCREASE 0 FREELISTS 1 FREELIST GROUPS 1 BUFFER_POOL DEFAULT FLASH_CACHE DEFAULT CELL_FLASH_CACHE DEFAULT)
  TABLESPACE "USERS" ;
--------------------------------------------------------
--  DDL for Index UK_ARQ_USR_ROL
--------------------------------------------------------

  CREATE UNIQUE INDEX "VALID"."UK_ARQ_USR_ROL" ON "VALID"."ARQ_USUARIO_ROL" ("ARQ_USR_ROL_ARQ_USR_ID", "ARQ_USR_ROL_ARQ_ROL_ID") 
  PCTFREE 10 INITRANS 2 MAXTRANS 255 COMPUTE STATISTICS 
  STORAGE(INITIAL 65536 NEXT 1048576 MINEXTENTS 1 MAXEXTENTS 2147483645
  PCTINCREASE 0 FREELISTS 1 FREELIST GROUPS 1 BUFFER_POOL DEFAULT FLASH_CACHE DEFAULT CELL_FLASH_CACHE DEFAULT)
  TABLESPACE "USERS" ;
--------------------------------------------------------
--  Constraints for Table ARQ_ACCION
--------------------------------------------------------

  ALTER TABLE "VALID"."ARQ_ACCION" MODIFY ("ARQ_ACC_ID" NOT NULL ENABLE);
  ALTER TABLE "VALID"."ARQ_ACCION" MODIFY ("ARQ_ACC_ARQ_MOD_ID" NOT NULL ENABLE);
  ALTER TABLE "VALID"."ARQ_ACCION" MODIFY ("ARQ_ACC_NOMBRE" NOT NULL ENABLE);
  ALTER TABLE "VALID"."ARQ_ACCION" MODIFY ("ARQ_ACC_ESTADO" NOT NULL ENABLE);
  ALTER TABLE "VALID"."ARQ_ACCION" MODIFY ("ARQ_ACC_FECHA_CR" NOT NULL ENABLE);
  ALTER TABLE "VALID"."ARQ_ACCION" MODIFY ("ARQ_ACC_USR_ID_CR" NOT NULL ENABLE);
  ALTER TABLE "VALID"."ARQ_ACCION" MODIFY ("ARQ_ACC_FECHA_MD" NOT NULL ENABLE);
  ALTER TABLE "VALID"."ARQ_ACCION" MODIFY ("ARQ_ACC_USR_ID_MD" NOT NULL ENABLE);
  ALTER TABLE "VALID"."ARQ_ACCION" ADD CONSTRAINT "ARQ_ACCION_PK" PRIMARY KEY ("ARQ_ACC_ID")
  USING INDEX PCTFREE 10 INITRANS 2 MAXTRANS 255 COMPUTE STATISTICS 
  STORAGE(INITIAL 65536 NEXT 1048576 MINEXTENTS 1 MAXEXTENTS 2147483645
  PCTINCREASE 0 FREELISTS 1 FREELIST GROUPS 1 BUFFER_POOL DEFAULT FLASH_CACHE DEFAULT CELL_FLASH_CACHE DEFAULT)
  TABLESPACE "USERS"  ENABLE;
  ALTER TABLE "VALID"."ARQ_ACCION" ADD CONSTRAINT "UK_ARQ_ACC" UNIQUE ("ARQ_ACC_ARQ_MOD_ID", "ARQ_ACC_NOMBRE")
  USING INDEX PCTFREE 10 INITRANS 2 MAXTRANS 255 COMPUTE STATISTICS 
  STORAGE(INITIAL 65536 NEXT 1048576 MINEXTENTS 1 MAXEXTENTS 2147483645
  PCTINCREASE 0 FREELISTS 1 FREELIST GROUPS 1 BUFFER_POOL DEFAULT FLASH_CACHE DEFAULT CELL_FLASH_CACHE DEFAULT)
  TABLESPACE "USERS"  ENABLE;
--------------------------------------------------------
--  Constraints for Table ARQ_AUDITORIA
--------------------------------------------------------

  ALTER TABLE "VALID"."ARQ_AUDITORIA" MODIFY ("ARQ_AUD_ID" NOT NULL ENABLE);
  ALTER TABLE "VALID"."ARQ_AUDITORIA" MODIFY ("ARQ_AUD_TABLA" NOT NULL ENABLE);
  ALTER TABLE "VALID"."ARQ_AUDITORIA" MODIFY ("ARQ_AUD_ID_TABLA" NOT NULL ENABLE);
  ALTER TABLE "VALID"."ARQ_AUDITORIA" MODIFY ("ARQ_AUD_VALOR_ANTERIOR" NOT NULL ENABLE);
  ALTER TABLE "VALID"."ARQ_AUDITORIA" MODIFY ("ARQ_AUD_VALOR_NUEVO" NOT NULL ENABLE);
  ALTER TABLE "VALID"."ARQ_AUDITORIA" MODIFY ("ARQ_AUD_OBSERVACION" NOT NULL ENABLE);
  ALTER TABLE "VALID"."ARQ_AUDITORIA" MODIFY ("ARQ_AUD_USR_ID" NOT NULL ENABLE);
  ALTER TABLE "VALID"."ARQ_AUDITORIA" ADD CONSTRAINT "ARQ_AUDITORIA_PK" PRIMARY KEY ("ARQ_AUD_ID")
  USING INDEX PCTFREE 10 INITRANS 2 MAXTRANS 255 COMPUTE STATISTICS 
  STORAGE(INITIAL 65536 NEXT 1048576 MINEXTENTS 1 MAXEXTENTS 2147483645
  PCTINCREASE 0 FREELISTS 1 FREELIST GROUPS 1 BUFFER_POOL DEFAULT FLASH_CACHE DEFAULT CELL_FLASH_CACHE DEFAULT)
  TABLESPACE "USERS"  ENABLE;
--------------------------------------------------------
--  Constraints for Table ARQ_CONFIGURACION
--------------------------------------------------------

  ALTER TABLE "VALID"."ARQ_CONFIGURACION" MODIFY ("ARQ_CNF_ID" NOT NULL ENABLE);
  ALTER TABLE "VALID"."ARQ_CONFIGURACION" MODIFY ("ARQ_CNF_NOMBRE" NOT NULL ENABLE);
  ALTER TABLE "VALID"."ARQ_CONFIGURACION" MODIFY ("ARQ_CNF_VALOR" NOT NULL ENABLE);
  ALTER TABLE "VALID"."ARQ_CONFIGURACION" MODIFY ("ARQ_CNF_TIPO" NOT NULL ENABLE);
  ALTER TABLE "VALID"."ARQ_CONFIGURACION" MODIFY ("ARQ_CNF_ESTADO" NOT NULL ENABLE);
  ALTER TABLE "VALID"."ARQ_CONFIGURACION" MODIFY ("ARQ_CNF_FECHA_CR" NOT NULL ENABLE);
  ALTER TABLE "VALID"."ARQ_CONFIGURACION" MODIFY ("ARQ_CNF_USR_ID_CR" NOT NULL ENABLE);
  ALTER TABLE "VALID"."ARQ_CONFIGURACION" MODIFY ("ARQ_CNF_FECHA_MD" NOT NULL ENABLE);
  ALTER TABLE "VALID"."ARQ_CONFIGURACION" MODIFY ("ARQ_CNF_USR_ID_MD" NOT NULL ENABLE);
  ALTER TABLE "VALID"."ARQ_CONFIGURACION" ADD CONSTRAINT "ARQ_CONFIGURACION_PK" PRIMARY KEY ("ARQ_CNF_ID")
  USING INDEX PCTFREE 10 INITRANS 2 MAXTRANS 255 COMPUTE STATISTICS 
  STORAGE(INITIAL 65536 NEXT 1048576 MINEXTENTS 1 MAXEXTENTS 2147483645
  PCTINCREASE 0 FREELISTS 1 FREELIST GROUPS 1 BUFFER_POOL DEFAULT FLASH_CACHE DEFAULT CELL_FLASH_CACHE DEFAULT)
  TABLESPACE "USERS"  ENABLE;
  ALTER TABLE "VALID"."ARQ_CONFIGURACION" ADD CONSTRAINT "ARQ_CONFIGURACION_UK1" UNIQUE ("ARQ_CNF_NOMBRE")
  USING INDEX PCTFREE 10 INITRANS 2 MAXTRANS 255 COMPUTE STATISTICS 
  STORAGE(INITIAL 65536 NEXT 1048576 MINEXTENTS 1 MAXEXTENTS 2147483645
  PCTINCREASE 0 FREELISTS 1 FREELIST GROUPS 1 BUFFER_POOL DEFAULT FLASH_CACHE DEFAULT CELL_FLASH_CACHE DEFAULT)
  TABLESPACE "USERS"  ENABLE;
--------------------------------------------------------
--  Constraints for Table ARQ_MODULO
--------------------------------------------------------

  ALTER TABLE "VALID"."ARQ_MODULO" MODIFY ("ARQ_MOD_ID" NOT NULL ENABLE);
  ALTER TABLE "VALID"."ARQ_MODULO" MODIFY ("ARQ_MOD_NOMBRE" NOT NULL ENABLE);
  ALTER TABLE "VALID"."ARQ_MODULO" MODIFY ("ARQ_MOD_ESTADO" NOT NULL ENABLE);
  ALTER TABLE "VALID"."ARQ_MODULO" MODIFY ("ARQ_MOD_FECHA_CR" NOT NULL ENABLE);
  ALTER TABLE "VALID"."ARQ_MODULO" MODIFY ("ARQ_MOD_USR_ID_CR" NOT NULL ENABLE);
  ALTER TABLE "VALID"."ARQ_MODULO" MODIFY ("ARQ_MOD_FECHA_MD" NOT NULL ENABLE);
  ALTER TABLE "VALID"."ARQ_MODULO" MODIFY ("ARQ_MOD_USR_ID_MD" NOT NULL ENABLE);
  ALTER TABLE "VALID"."ARQ_MODULO" ADD CONSTRAINT "ARQ_MODULO_PK" PRIMARY KEY ("ARQ_MOD_ID")
  USING INDEX PCTFREE 10 INITRANS 2 MAXTRANS 255 COMPUTE STATISTICS 
  STORAGE(INITIAL 65536 NEXT 1048576 MINEXTENTS 1 MAXEXTENTS 2147483645
  PCTINCREASE 0 FREELISTS 1 FREELIST GROUPS 1 BUFFER_POOL DEFAULT FLASH_CACHE DEFAULT CELL_FLASH_CACHE DEFAULT)
  TABLESPACE "USERS"  ENABLE;
  ALTER TABLE "VALID"."ARQ_MODULO" ADD CONSTRAINT "ARQ_MODULO_UK1" UNIQUE ("ARQ_MOD_NOMBRE")
  USING INDEX PCTFREE 10 INITRANS 2 MAXTRANS 255 COMPUTE STATISTICS 
  STORAGE(INITIAL 65536 NEXT 1048576 MINEXTENTS 1 MAXEXTENTS 2147483645
  PCTINCREASE 0 FREELISTS 1 FREELIST GROUPS 1 BUFFER_POOL DEFAULT FLASH_CACHE DEFAULT CELL_FLASH_CACHE DEFAULT)
  TABLESPACE "USERS"  ENABLE;
--------------------------------------------------------
--  Constraints for Table ARQ_ROL
--------------------------------------------------------

  ALTER TABLE "VALID"."ARQ_ROL" MODIFY ("ARQ_ROL_ID" NOT NULL ENABLE);
  ALTER TABLE "VALID"."ARQ_ROL" MODIFY ("ARQ_ROL_NOMBRE" NOT NULL ENABLE);
  ALTER TABLE "VALID"."ARQ_ROL" MODIFY ("ARQ_ROL_ESTADO" NOT NULL ENABLE);
  ALTER TABLE "VALID"."ARQ_ROL" MODIFY ("ARQ_ROL_FECHA_CR" NOT NULL ENABLE);
  ALTER TABLE "VALID"."ARQ_ROL" MODIFY ("ARQ_ROL_USR_ID_CR" NOT NULL ENABLE);
  ALTER TABLE "VALID"."ARQ_ROL" MODIFY ("ARQ_ROL_FECHA_MD" NOT NULL ENABLE);
  ALTER TABLE "VALID"."ARQ_ROL" MODIFY ("ARQ_ROL_USR_ID_MD" NOT NULL ENABLE);
  ALTER TABLE "VALID"."ARQ_ROL" ADD CONSTRAINT "ARQ_ROL_PK" PRIMARY KEY ("ARQ_ROL_ID")
  USING INDEX PCTFREE 10 INITRANS 2 MAXTRANS 255 COMPUTE STATISTICS 
  STORAGE(INITIAL 65536 NEXT 1048576 MINEXTENTS 1 MAXEXTENTS 2147483645
  PCTINCREASE 0 FREELISTS 1 FREELIST GROUPS 1 BUFFER_POOL DEFAULT FLASH_CACHE DEFAULT CELL_FLASH_CACHE DEFAULT)
  TABLESPACE "USERS"  ENABLE;
  ALTER TABLE "VALID"."ARQ_ROL" ADD CONSTRAINT "ARQ_ROL_UK1" UNIQUE ("ARQ_ROL_NOMBRE")
  USING INDEX PCTFREE 10 INITRANS 2 MAXTRANS 255 COMPUTE STATISTICS 
  STORAGE(INITIAL 65536 NEXT 1048576 MINEXTENTS 1 MAXEXTENTS 2147483645
  PCTINCREASE 0 FREELISTS 1 FREELIST GROUPS 1 BUFFER_POOL DEFAULT FLASH_CACHE DEFAULT CELL_FLASH_CACHE DEFAULT)
  TABLESPACE "USERS"  ENABLE;
--------------------------------------------------------
--  Constraints for Table ARQ_ROL_ACCION
--------------------------------------------------------

  ALTER TABLE "VALID"."ARQ_ROL_ACCION" MODIFY ("ARQ_ROL_ACC_ID" NOT NULL ENABLE);
  ALTER TABLE "VALID"."ARQ_ROL_ACCION" MODIFY ("ARQ_ROL_ACC_ARQ_ROL_ID" NOT NULL ENABLE);
  ALTER TABLE "VALID"."ARQ_ROL_ACCION" MODIFY ("ARQ_ROL_ACC_ARQ_ACC_ID" NOT NULL ENABLE);
  ALTER TABLE "VALID"."ARQ_ROL_ACCION" MODIFY ("ARQ_ROL_ACC_ESTADO" NOT NULL ENABLE);
  ALTER TABLE "VALID"."ARQ_ROL_ACCION" MODIFY ("ARQ_ROL_ACC_FECHA_CR" NOT NULL ENABLE);
  ALTER TABLE "VALID"."ARQ_ROL_ACCION" MODIFY ("ARQ_ROL_ACC_USR_ID_CR" NOT NULL ENABLE);
  ALTER TABLE "VALID"."ARQ_ROL_ACCION" MODIFY ("ARQ_ROL_ACC_FECHA_MD" NOT NULL ENABLE);
  ALTER TABLE "VALID"."ARQ_ROL_ACCION" MODIFY ("ARQ_ROL_ACC_USR_ID_MD" NOT NULL ENABLE);
  ALTER TABLE "VALID"."ARQ_ROL_ACCION" ADD CONSTRAINT "ARQ_ROL_ACCION_PK" PRIMARY KEY ("ARQ_ROL_ACC_ID")
  USING INDEX PCTFREE 10 INITRANS 2 MAXTRANS 255 COMPUTE STATISTICS 
  STORAGE(INITIAL 65536 NEXT 1048576 MINEXTENTS 1 MAXEXTENTS 2147483645
  PCTINCREASE 0 FREELISTS 1 FREELIST GROUPS 1 BUFFER_POOL DEFAULT FLASH_CACHE DEFAULT CELL_FLASH_CACHE DEFAULT)
  TABLESPACE "USERS"  ENABLE;
  ALTER TABLE "VALID"."ARQ_ROL_ACCION" ADD CONSTRAINT "ARQ_ROL_ACCION_UK1" UNIQUE ("ARQ_ROL_ACC_ARQ_ROL_ID", "ARQ_ROL_ACC_ARQ_ACC_ID")
  USING INDEX PCTFREE 10 INITRANS 2 MAXTRANS 255 COMPUTE STATISTICS 
  STORAGE(INITIAL 65536 NEXT 1048576 MINEXTENTS 1 MAXEXTENTS 2147483645
  PCTINCREASE 0 FREELISTS 1 FREELIST GROUPS 1 BUFFER_POOL DEFAULT FLASH_CACHE DEFAULT CELL_FLASH_CACHE DEFAULT)
  TABLESPACE "USERS"  ENABLE;
--------------------------------------------------------
--  Constraints for Table ARQ_SESION
--------------------------------------------------------

  ALTER TABLE "VALID"."ARQ_SESION" MODIFY ("ARQ_SES_ID" NOT NULL ENABLE);
  ALTER TABLE "VALID"."ARQ_SESION" MODIFY ("ARQ_SES_ARQ_USR_ID" NOT NULL ENABLE);
  ALTER TABLE "VALID"."ARQ_SESION" MODIFY ("ARQ_SES_TIPO_ACCESO" NOT NULL ENABLE);
  ALTER TABLE "VALID"."ARQ_SESION" MODIFY ("ARQ_SES_IP" NOT NULL ENABLE);
  ALTER TABLE "VALID"."ARQ_SESION" MODIFY ("ARQ_SES_MAC" NOT NULL ENABLE);
  ALTER TABLE "VALID"."ARQ_SESION" MODIFY ("ARQ_SES_FECHA_ACCESO" NOT NULL ENABLE);
  ALTER TABLE "VALID"."ARQ_SESION" MODIFY ("ARQ_SES_ESTADO" NOT NULL ENABLE);
  ALTER TABLE "VALID"."ARQ_SESION" MODIFY ("ARQ_SES_FECHA_CR" NOT NULL ENABLE);
  ALTER TABLE "VALID"."ARQ_SESION" MODIFY ("ARQ_SES_USR_ID_CR" NOT NULL ENABLE);
  ALTER TABLE "VALID"."ARQ_SESION" MODIFY ("ARQ_SES_FECHA_MD" NOT NULL ENABLE);
  ALTER TABLE "VALID"."ARQ_SESION" MODIFY ("ARQ_SES_USR_ID_MD" NOT NULL ENABLE);
  ALTER TABLE "VALID"."ARQ_SESION" ADD CONSTRAINT "ARQ_SESION_PK" PRIMARY KEY ("ARQ_SES_ID")
  USING INDEX PCTFREE 10 INITRANS 2 MAXTRANS 255 COMPUTE STATISTICS 
  STORAGE(INITIAL 65536 NEXT 1048576 MINEXTENTS 1 MAXEXTENTS 2147483645
  PCTINCREASE 0 FREELISTS 1 FREELIST GROUPS 1 BUFFER_POOL DEFAULT FLASH_CACHE DEFAULT CELL_FLASH_CACHE DEFAULT)
  TABLESPACE "USERS"  ENABLE;
--------------------------------------------------------
--  Constraints for Table ARQ_USUARIO
--------------------------------------------------------

  ALTER TABLE "VALID"."ARQ_USUARIO" MODIFY ("ARQ_USR_ID" NOT NULL ENABLE);
  ALTER TABLE "VALID"."ARQ_USUARIO" MODIFY ("ARQ_USR_USUARIO" NOT NULL ENABLE);
  ALTER TABLE "VALID"."ARQ_USUARIO" MODIFY ("ARQ_USR_CLAVE" NOT NULL ENABLE);
  ALTER TABLE "VALID"."ARQ_USUARIO" MODIFY ("ARQ_USR_LDAP" NOT NULL ENABLE);
  ALTER TABLE "VALID"."ARQ_USUARIO" MODIFY ("ARQ_USR_NOMBRE" NOT NULL ENABLE);
  ALTER TABLE "VALID"."ARQ_USUARIO" MODIFY ("ARQ_USR_LOGIN" NOT NULL ENABLE);
  ALTER TABLE "VALID"."ARQ_USUARIO" MODIFY ("ARQ_USR_ESTADO" NOT NULL ENABLE);
  ALTER TABLE "VALID"."ARQ_USUARIO" ADD CONSTRAINT "ARQ_USUARIO_PK" PRIMARY KEY ("ARQ_USR_ID")
  USING INDEX PCTFREE 10 INITRANS 2 MAXTRANS 255 COMPUTE STATISTICS 
  STORAGE(INITIAL 65536 NEXT 1048576 MINEXTENTS 1 MAXEXTENTS 2147483645
  PCTINCREASE 0 FREELISTS 1 FREELIST GROUPS 1 BUFFER_POOL DEFAULT FLASH_CACHE DEFAULT CELL_FLASH_CACHE DEFAULT)
  TABLESPACE "USERS"  ENABLE;
  ALTER TABLE "VALID"."ARQ_USUARIO" ADD CONSTRAINT "UK_ARQ_USR" UNIQUE ("ARQ_USR_USUARIO")
  USING INDEX PCTFREE 10 INITRANS 2 MAXTRANS 255 COMPUTE STATISTICS 
  STORAGE(INITIAL 65536 NEXT 1048576 MINEXTENTS 1 MAXEXTENTS 2147483645
  PCTINCREASE 0 FREELISTS 1 FREELIST GROUPS 1 BUFFER_POOL DEFAULT FLASH_CACHE DEFAULT CELL_FLASH_CACHE DEFAULT)
  TABLESPACE "USERS"  ENABLE;
--------------------------------------------------------
--  Constraints for Table ARQ_USUARIO_ROL
--------------------------------------------------------

  ALTER TABLE "VALID"."ARQ_USUARIO_ROL" MODIFY ("ARQ_USR_ROL_ID" NOT NULL ENABLE);
  ALTER TABLE "VALID"."ARQ_USUARIO_ROL" MODIFY ("ARQ_USR_ROL_ARQ_USR_ID" NOT NULL ENABLE);
  ALTER TABLE "VALID"."ARQ_USUARIO_ROL" MODIFY ("ARQ_USR_ROL_ARQ_ROL_ID" NOT NULL ENABLE);
  ALTER TABLE "VALID"."ARQ_USUARIO_ROL" MODIFY ("ARQ_USR_ROL_ESTADO" NOT NULL ENABLE);
  ALTER TABLE "VALID"."ARQ_USUARIO_ROL" MODIFY ("ARQ_USR_ROL_FECHA_CR" NOT NULL ENABLE);
  ALTER TABLE "VALID"."ARQ_USUARIO_ROL" MODIFY ("ARQ_USR_ROL_USR_ID_CR" NOT NULL ENABLE);
  ALTER TABLE "VALID"."ARQ_USUARIO_ROL" MODIFY ("ARQ_USR_ROL_FECHA_MD" NOT NULL ENABLE);
  ALTER TABLE "VALID"."ARQ_USUARIO_ROL" MODIFY ("ARQ_USR_ROL_USR_ID_MD" NOT NULL ENABLE);
  ALTER TABLE "VALID"."ARQ_USUARIO_ROL" ADD CONSTRAINT "ARQ_USUARIO_ROL_PK" PRIMARY KEY ("ARQ_USR_ROL_ID")
  USING INDEX PCTFREE 10 INITRANS 2 MAXTRANS 255 COMPUTE STATISTICS 
  STORAGE(INITIAL 65536 NEXT 1048576 MINEXTENTS 1 MAXEXTENTS 2147483645
  PCTINCREASE 0 FREELISTS 1 FREELIST GROUPS 1 BUFFER_POOL DEFAULT FLASH_CACHE DEFAULT CELL_FLASH_CACHE DEFAULT)
  TABLESPACE "USERS"  ENABLE;
  ALTER TABLE "VALID"."ARQ_USUARIO_ROL" ADD CONSTRAINT "UK_ARQ_USR_ROL" UNIQUE ("ARQ_USR_ROL_ARQ_USR_ID", "ARQ_USR_ROL_ARQ_ROL_ID")
  USING INDEX PCTFREE 10 INITRANS 2 MAXTRANS 255 COMPUTE STATISTICS 
  STORAGE(INITIAL 65536 NEXT 1048576 MINEXTENTS 1 MAXEXTENTS 2147483645
  PCTINCREASE 0 FREELISTS 1 FREELIST GROUPS 1 BUFFER_POOL DEFAULT FLASH_CACHE DEFAULT CELL_FLASH_CACHE DEFAULT)
  TABLESPACE "USERS"  ENABLE;
--------------------------------------------------------
--  Constraints for Table REG_REGISTRO
--------------------------------------------------------

  ALTER TABLE "VALID"."REG_REGISTRO" ADD CONSTRAINT "REG_REGISTRO_UK1" UNIQUE ("REG_NOMBRES", "REG_APELLIDOS")
  USING INDEX PCTFREE 10 INITRANS 2 MAXTRANS 255 COMPUTE STATISTICS 
  STORAGE(INITIAL 65536 NEXT 1048576 MINEXTENTS 1 MAXEXTENTS 2147483645
  PCTINCREASE 0 FREELISTS 1 FREELIST GROUPS 1 BUFFER_POOL DEFAULT FLASH_CACHE DEFAULT CELL_FLASH_CACHE DEFAULT)
  TABLESPACE "USERS"  ENABLE;
  ALTER TABLE "VALID"."REG_REGISTRO" ADD CONSTRAINT "REG_REGISTRO_PK" PRIMARY KEY ("REG_ID")
  USING INDEX PCTFREE 10 INITRANS 2 MAXTRANS 255 COMPUTE STATISTICS 
  STORAGE(INITIAL 65536 NEXT 1048576 MINEXTENTS 1 MAXEXTENTS 2147483645
  PCTINCREASE 0 FREELISTS 1 FREELIST GROUPS 1 BUFFER_POOL DEFAULT FLASH_CACHE DEFAULT CELL_FLASH_CACHE DEFAULT)
  TABLESPACE "USERS"  ENABLE;
  ALTER TABLE "VALID"."REG_REGISTRO" MODIFY ("REG_PROCESADO" NOT NULL ENABLE);
  ALTER TABLE "VALID"."REG_REGISTRO" MODIFY ("REG_APELLIDOS" NOT NULL ENABLE);
  ALTER TABLE "VALID"."REG_REGISTRO" MODIFY ("REG_NOMBRES" NOT NULL ENABLE);
  ALTER TABLE "VALID"."REG_REGISTRO" MODIFY ("REG_ID" NOT NULL ENABLE);
